/*
SQLyog Ultimate - MySQL GUI v8.2 
MySQL - 5.0.87-community-nt : Database - crm2
*********************************************************************
*/

/*!40101 SET NAMES utf8 */;

/*!40101 SET SQL_MODE=''*/;

/*!40014 SET @OLD_UNIQUE_CHECKS=@@UNIQUE_CHECKS, UNIQUE_CHECKS=0 */;
/*!40014 SET @OLD_FOREIGN_KEY_CHECKS=@@FOREIGN_KEY_CHECKS, FOREIGN_KEY_CHECKS=0 */;
/*!40101 SET @OLD_SQL_MODE=@@SQL_MODE, SQL_MODE='NO_AUTO_VALUE_ON_ZERO' */;
/*!40111 SET @OLD_SQL_NOTES=@@SQL_NOTES, SQL_NOTES=0 */;
CREATE DATABASE /*!32312 IF NOT EXISTS*/`crm2` /*!40100 DEFAULT CHARACTER SET gb2312 */;

USE `crm2`;

/*Table structure for table `b_city` */

DROP TABLE IF EXISTS `b_city`;

CREATE TABLE `b_city` (
  `id` int(11) NOT NULL auto_increment,
  `name` varchar(100) default NULL,
  `pycode` varchar(50) default NULL,
  `pid` int(11) default NULL,
  `postcode` varchar(50) default NULL,
  `areacode` varchar(50) default NULL,
  PRIMARY KEY  (`id`),
  KEY `b_cityP_fk` (`pid`),
  CONSTRAINT `b_cityP_fk` FOREIGN KEY (`pid`) REFERENCES `b_province` (`id`)
) ENGINE=InnoDB AUTO_INCREMENT=2470 DEFAULT CHARSET=gb2312;

/*Data for the table `b_city` */

insert  into `b_city`(`id`,`name`,`pycode`,`pid`,`postcode`,`areacode`) values (1,'北京','bj',1,'100000','010'),(2,'通县','tx',1,'101100','010'),(3,'昌平','cp',1,'102200','010'),(4,'大兴','dx',1,'102600','010'),(5,'密云','my',1,'101500','010'),(6,'延庆','yq',1,'102100','010'),(7,'顺义','sy',1,'101300','010'),(8,'怀柔','hr',1,'101400','010'),(9,'平台','pt',1,'101200','010'),(10,'上海','sh',2,'200000','021'),(11,'上海县','shx',2,'201100','021'),(12,'嘉定','jd',2,'201800','021'),(13,'松江','sj',2,'201600','021'),(14,'南汇','nh',2,'201300','021'),(15,'奉贤','fx',2,'201400','021'),(16,'川沙','cs',2,'201200','021'),(17,'青浦','qp',2,'201700','021'),(18,'崇明','cm',2,'202100','021'),(19,'金山','js',2,'201500','021'),(20,'天津','tj',3,'300000','022'),(21,'蓟县','jx',3,'301900','022'),(22,'宝坻','bd',3,'301800','022'),(23,'武清','wq',3,'301700','022'),(24,'静海','jh',3,'301600','022'),(25,'宁河','nh',3,'301500','022'),(26,'万县','wx',4,'404000','023'),(27,'永川','yc',4,'402000','023'),(28,'北碚','bb',4,'400700','023'),(29,'巴县','bx',4,'401320','023'),(30,'江北','jb',4,'401120','023'),(31,'重庆','cq',4,'400000','023'),(32,'涪陵','fl',4,'408000','023'),(33,'石柱','sz',4,'409100','023'),(34,'丰都','fd',4,'408200','023'),(35,'南川','nc',4,'408400','023'),(36,'城口','ck',4,'405900','023'),(37,'巫溪','wx',4,'405800','023'),(38,'奉节','fj',4,'404600','023'),(39,'云阳','yy',4,'404500','023'),(40,'忠县','zx',4,'404300','023'),(41,'梁平','lp',4,'405200','023'),(42,'开县','kx',4,'405400','023'),(43,'大足','dz',4,'402360','023'),(44,'荣昌','rc',4,'402460','023'),(45,'壁山','bs',4,'402760','023'),(46,'铜梁','tl',4,'402560','023'),(47,'潼南','tn',4,'402660','023'),(48,'合川','hc',4,'401520','023'),(49,'江津','jj',4,'402260','023'),(50,'双桥','sq',4,'400900','023'),(51,'南桐','nt',4,'400800','023'),(52,'长寿','cs',4,'401220','023'),(53,'綦江','qj',4,'401420','023'),(54,'黔江','qj',4,'409700','023'),(55,'武隆','wl',4,'408500','023'),(56,'垫江','dj',4,'408300','023'),(57,'巫山','ws',4,'404700','023'),(58,'石家庄','sjz',11,'050000','0311'),(59,'获鹿','hl',11,'050200','0311'),(60,'正定','zd',11,'050800','0311'),(61,'栾城','lc',11,'051400','0311'),(62,'井陉','jx',11,'050300','0311'),(63,'元氏','ys',11,'051100','0311'),(64,'新乐','xl',11,'050700','0311'),(65,'无极','wj',11,'052400','0311'),(66,'深泽','sz',11,'052500','0311'),(67,'辛集','xj',11,'052300','0311'),(68,'晋州','jz',11,'052200','0311'),(69,'赵县','zx',11,'051500','0311'),(70,'赞皇','zh',11,'051200','0311'),(71,'高邑','gy',11,'051300','0311'),(72,'平山','ps',11,'050400','0311'),(73,'灵寿','ls',11,'050500','0311'),(74,'行唐','xt',11,'050600','0311'),(75,'保定','bd',11,'071000','0312'),(76,'潢城','hc',11,'072100','0312'),(77,'清苑','qy',11,'071100','0312'),(78,'涞水','ls',11,'074100','0312'),(79,'易县','yx',11,'074200','0312'),(80,'涞源','ly',11,'102900','0312'),(81,'唐县','tx',11,'072300','0312'),(82,'定兴','dx',11,'072600','0312'),(83,'涿州','zz',11,'072700','0312'),(84,'高碑店','gbd',11,'074000','0312'),(85,'博野','by',11,'071300','0312'),(86,'安国','ag',11,'071200','0312'),(87,'定州','dz',11,'073000','0312'),(88,'曲阳','qy',11,'073100','0312'),(89,'阜平','fp',11,'073200','0312'),(90,'高阳','gy',11,'071500','0312'),(91,'徐水','xs',11,'072500','0312'),(92,'容城','rc',11,'071700','0312'),(93,'雄县','xx',11,'071800','0312'),(94,'安新','ax',11,'071600','0312'),(95,'望都','wd',11,'072400','0312'),(96,'蠡县','lx',11,'071400','0312'),(97,'顺平','sp',11,'072200','0312'),(98,'张家口','zjk',11,'075000','0313'),(99,'宣化','xh',11,'075100','0313'),(100,'怀安','ha',11,'076100','0313'),(101,'万全','wq',11,'076200','0313'),(102,'张北','zb',11,'076400','0313'),(103,'崇礼','cl',11,'076300','0313'),(104,'沽源','gy',11,'076500','0313'),(105,'尚义','sy',11,'076700','0313'),(106,'康保','kb',11,'076600','0313'),(107,'赤城','cc',11,'075500','0313'),(108,'怀来','hl',11,'075400','0313'),(109,'涿鹿','zl',11,'075600','0313'),(110,'蔚县','wx',11,'075700','0313'),(111,'阳原','yy',11,'075800','0313'),(112,'承德','cd',11,'067000','0314'),(113,'承德县','cdx',11,'067400','0314'),(114,'兴隆','xl',11,'067300','0314'),(115,'隆化','lh',11,'068100','0314'),(116,'围场','wc',11,'068400','0314'),(117,'平泉','pq',11,'067500','0314'),(118,'宽城','kc',11,'067600','0314'),(119,'丰宁','fn',11,'068300','0314'),(120,'滦平','lp',11,'068200','0314'),(121,'唐山','ts',11,'063000','0315'),(122,'玉田','yt',11,'064100','0315'),(123,'滦县','lx',11,'063700','0315'),(124,'遵化','zh',11,'064200','0315'),(125,'滦南','ln',11,'063500','0315'),(126,'唐海','th',11,'063200','0315'),(127,'丰南','fn',11,'063300','0315'),(128,'乐亭','lt',11,'063600','0315'),(129,'丰润','fr',11,'064000','0315'),(130,'迁安','qa',11,'064400','0315'),(131,'迁西','qx',11,'064300','0315'),(132,'廊坊','lf',11,'102800','0316'),(133,'霸州','bz',11,'065700','0316'),(134,'永清','yq',11,'302650','0316'),(135,'大城','dc',11,'302950','0316'),(136,'文安','wa',11,'302850','0316'),(137,'固安','ga',11,'102700','0316'),(138,'香河','xh',11,'302550','0316'),(139,'大厂','dc',11,'101700','0316'),(140,'三河','sh',11,'101600','0316'),(141,'沧州','cz',11,'061000','0317'),(142,'黄骅','hh',11,'061100','0317'),(143,'海兴','hx',11,'061200','0317'),(144,'盐山','ys',11,'061300','0317'),(145,'孟村','mc',11,'061400','0317'),(146,'青县','qx',11,'062600','0317'),(147,'南皮','np',11,'061500','0317'),(148,'东光','dg',11,'061600','0317'),(149,'吴桥','wq',11,'061800','0317'),(150,'泊头','bt',11,'062100','0317'),(151,'河间','hj',11,'062400','0317'),(152,'肃宁','sn',11,'062300','0317'),(153,'任丘','rq',11,'062500','0317'),(154,'献县','xx',11,'062200','0317'),(155,'衡水','hs',11,'053000','0318'),(156,'铙阳','ny',11,'052700','0318'),(157,'武强','wq',11,'053300','0318'),(158,'武邑','wy',11,'053400','0318'),(159,'阜城','fc',11,'061700','0318'),(160,'景县','jx',11,'053500','0318'),(161,'故城','gc',11,'253800','0318'),(162,'枣强','zq',11,'053100','0318'),(163,'冀县','jx',11,'053200','0318'),(164,'深州','sz',11,'052800','0318'),(165,'安平','ap',11,'052600','0318'),(166,'邢台','xt',11,'054000','0319'),(167,'临西','lx',11,'057800','0319'),(168,'内丘','nq',11,'054200','0319'),(169,'临城','lc',11,'054300','0319'),(170,'柏乡','bx',11,'055400','0319'),(171,'宁晋','nj',11,'051600','0319'),(172,'隆尧','ly',11,'055300','0319'),(173,'巨鹿','jl',11,'055200','0319'),(174,'新河','xh',11,'051700','0319'),(175,'南宫','ng',11,'051800','0319'),(176,'清河','qh',11,'054800','0319'),(177,'威县','wx',11,'054700','0319'),(178,'广宗','gz',11,'054600','0319'),(179,'平乡','px',11,'054500','0319'),(180,'南和','nh',11,'054400','0319'),(181,'任县','rx',11,'055100','0319'),(182,'沙河','sh',11,'054100','0319'),(183,'邯郸','hd',11,'056000','0310'),(184,'武安','wa',11,'056300','0310'),(185,'临漳','lz',11,'056600','0310'),(186,'磁县','cx',11,'056500','0310'),(187,'涉县','sx',11,'056400','0310'),(188,'成安','ca',11,'056700','0310'),(189,'永年','yn',11,'057100','0310'),(190,'鸡泽','jz',11,'057300','0310'),(191,'曲周','qz',11,'057200','0310'),(192,'丘县','qx',11,'057400','0310'),(193,'馆陶','gt',11,'057700','0310'),(194,'大名','dm',11,'056900','0310'),(195,'魏县','wx',11,'056800','0310'),(196,'广平','gp',11,'057600','0310'),(197,'肥乡','fx',11,'057500','0310'),(198,'秦皇岛','qhd',11,'066000','0335'),(199,'昌黎','cl',11,'066600','0335'),(200,'卢龙','ll',11,'066400','0335'),(201,'抚宁','fn',11,'066300','0335'),(202,'青龙','ql',11,'066500','0335'),(203,'朔州','sz',24,'038500','0349'),(204,'怀仁','hr',24,'038300','0349'),(205,'应县','yx',24,'037600','0349'),(206,'右玉','yy',24,'037200','0349'),(207,'山阴','sy',24,'038400','0349'),(208,'忻州','xz',24,'034000','0350'),(209,'原平','yp',24,'034100','0350'),(210,'定襄','dx',24,'035400','0350'),(211,'五台','wt',24,'035500','0350'),(212,'代县','dx',24,'034200','0350'),(213,'繁峙','fz',24,'034300','0350'),(214,'宁武','nw',24,'036000','0350'),(215,'神池','sc',24,'036100','0350'),(216,'五寨','wz',24,'036200','0350'),(217,'岢岚','kl',24,'036300','0350'),(218,'河曲','hq',24,'036500','0350'),(219,'保德','bd',24,'036600','0350'),(220,'偏关','pg',24,'036400','0350'),(221,'静乐','jl',24,'035100','0350'),(222,'太原','ty',24,'030000','0351'),(223,'阳曲','yq',24,'030100','0351'),(224,'娄烦','lf',24,'030300','0351'),(225,'清徐','qx',24,'030400','0351'),(226,'古交','gj',24,'030200','0351'),(227,'大同','dt',24,'037000','0352'),(228,'大同县','dtx',24,'037300','0352'),(229,'天镇','tz',24,'038200','0352'),(230,'阳高','yg',24,'038100','0352'),(231,'浑源','hy',24,'037400','0352'),(232,'广灵','gl',24,'037500','0352'),(233,'灵丘','lq',24,'034400','0352'),(234,'左云','zy',24,'037100','0352'),(235,'阳泉','yq',24,'075800','0353'),(236,'孟县','mx',24,'045100','0353'),(237,'平定','pd',24,'045200','0353'),(238,'榆次','yc',24,'030600','0354'),(239,'灵石','ls',24,'031300','0354'),(240,'昔阳','xy',24,'045300','0354'),(241,'和顺','hs',24,'032700','0354'),(242,'左权','zq',24,'032600','0354'),(243,'榆社','ys',24,'031800','0354'),(244,'寿阳','sy',24,'031700','0354'),(245,'太谷','tg',24,'030800','0354'),(246,'祁县','qx',24,'030900','0354'),(247,'平遥','py',24,'031100','0354'),(248,'介休','jx',24,'031200','0354'),(249,'长治','cz',24,'046000','0355'),(250,'长治县','czx',24,'047100','0355'),(251,'壶关','hg',24,'047300','0355'),(252,'平顺','ps',24,'047400','0355'),(253,'黎城','lc',24,'047600','0355'),(254,'襄垣','xy',24,'046200','0355'),(255,'武乡','wx',24,'046300','0355'),(256,'沁县','qx',24,'046400','0355'),(257,'沁源','qy',24,'046500','0355'),(258,'屯留','tl',24,'046100','0355'),(259,'长子','cz',24,'046600','0355'),(260,'潞城','lc',24,'047500','0355'),(261,'晋城','jc',24,'048000','0356'),(262,'高平','gp',24,'046700','0356'),(263,'阳城','yc',24,'048100','0356'),(264,'沁水','qs',24,'048200','0356'),(265,'陵川','lc',24,'048300','0356'),(266,'临汾','lf',24,'041000','0357'),(267,'候马','hm',24,'043000','0357'),(268,'大宁','dn',24,'042300','0357'),(269,'曲沃','qw',24,'043400','0357'),(270,'翼城','yc',24,'043500','0357'),(271,'襄汾','xf',24,'041500','0357'),(272,'洪洞','hd',24,'031600','0357'),(273,'霍州','hz',24,'031400','0357'),(274,'汾西','fx',24,'031500','0357'),(275,'蒲县','px',24,'041200','0357'),(276,'隰县','xx',24,'041300','0357'),(277,'永和','yh',24,'041400','0357'),(278,'乡宁','xn',24,'042100','0357'),(279,'吉县','jx',24,'042200','0357'),(280,'安泽','az',24,'042500','0357'),(281,'浮山','fs',24,'042600','0357'),(282,'古县','gx',24,'042400','0357'),(283,'离石','ls',24,'033000','0358'),(284,'石楼','sl',24,'032500','0358'),(285,'方山','fs',24,'033100','0358'),(286,'临县','lx',24,'033200','0358'),(287,'汾阳','fy',24,'033200','0358'),(288,'文水','ws',24,'032100','0358'),(289,'交城','jc',24,'030500','0358'),(290,'孝义','xy',24,'032300','0358'),(291,'交口','jk',24,'032400','0358'),(292,'中阳','zy',24,'033400','0358'),(293,'柳林','ll',24,'033300','0358'),(294,'兴县','xx',24,'035300','0358'),(295,'岚县','lx',24,'035200','0358'),(296,'运城','yc',24,'044000','0359'),(297,'芮城','rc',24,'044600','0359'),(298,'平陆','pl',24,'044300','0359'),(299,'临猗','ly',24,'044100','0359'),(300,'万荣','wr',24,'044200','0359'),(301,'稷山','js',24,'043200','0359'),(302,'河津','hj',24,'043300','0359'),(303,'新绛','xj',24,'043100','0359'),(304,'闻喜','wx',24,'043800','0359'),(305,'夏县','xx',24,'044400','0359'),(306,'永剂','yj',24,'044500','0359'),(307,'绛县','jx',24,'043600','0359'),(308,'垣曲','yq',24,'043700','0359'),(309,'商丘','sq',12,'476000','0370'),(310,'商丘县','sqx',12,'476100','0370'),(311,'虞城','yc',12,'476300','0370'),(312,'夏邑','xy',12,'476400','0370'),(313,'永城','yc',12,'476600','0370'),(314,'柘城','zc',12,'476200','0370'),(315,'宁陵','nl',12,'476700','0370'),(316,'睢县','sx',12,'476900','0370'),(317,'民权','mq',12,'476800','0370'),(318,'郑州','zz',12,'450000','0371'),(319,'上街','sj',12,'451000','0371'),(320,'荥阳','yy',12,'450100','0371'),(321,'新郑','xz',12,'451100','0371'),(322,'中牟','zm',12,'451400','0371'),(323,'新密','xm',12,'452300','0371'),(324,'登封','df',12,'452400','0371'),(325,'巩县','gx',12,'451200','0371'),(326,'安阳','ay',12,'455000','0372'),(327,'安阳县','ayx',12,'455100','0372'),(328,'汤阴','ty',12,'456100','0372'),(329,'林县','lx',12,'456500','0372'),(330,'内黄','nh',12,'456300','0372'),(331,'滑县','hx',12,'456400','0372'),(332,'新乡','xx',12,'453700','0373'),(333,'卫辉','wh',12,'453100','0373'),(334,'延津','yj',12,'453200','0373'),(335,'原阳','yy',12,'453500','0373'),(336,'获嘉','hj',12,'453800','0373'),(337,'长垣','cy',12,'453400','0373'),(338,'封丘','fq',12,'453300','0373'),(339,'辉县','hx',12,'453600','0373'),(340,'许昌','xc',12,'461000','0374'),(341,'长葛','cg',12,'461500','0374'),(342,'鄢陵','yl',12,'461200','0374'),(343,'禹州','yz',12,'452500','0374'),(344,'平顶山','pds',12,'467000','0375'),(345,'舞钢','wg',12,'462500','0375'),(346,'郏县','jx',12,'467100','0375'),(347,'襄城','xc',12,'452600','0375'),(348,'叶县','yx',12,'467200','0375'),(349,'鲁山','ls',12,'467300','0375'),(350,'宝丰','bf',12,'467400','0375'),(351,'汝州','rz',12,'467500','0375'),(352,'信阳','xy',12,'464000','0376'),(353,'信阳县','xyx',12,'464100','0376'),(354,'罗山','ls',12,'464200','0376'),(355,'卧龙','wl',12,'473000','0377'),(356,'宛城','wc',12,'473100','0377'),(357,'邓州','dz',12,'474100','0377'),(358,'西峡','xx',12,'474500','0377'),(359,'浙川','zc',12,'474400','0377'),(360,'方城','fc',12,'473200','0377'),(361,'社旗','sq',12,'473300','0377'),(362,'唐河','th',12,'473400','0377'),(363,'新野','xy',12,'473500','0377'),(364,'镇平','zp',12,'474200','0377'),(365,'南召','nz',12,'474600','0377'),(366,'桐柏','tb',12,'474700','0377'),(367,'内乡','nx',12,'474300','0377'),(368,'开封','kf',12,'475000','0378'),(369,'开封县','kfx',12,'475100','0378'),(370,'兰考','lk',12,'475300','0378'),(371,'杞县','qx',12,'475200','0378'),(372,'通许','tx',12,'452200','0378'),(373,'尉氏','ws',12,'452100','0378'),(374,'洛阳','ly',12,'471000','0379'),(375,'洛宁','ln',12,'471700','0379'),(376,'孟津','mj',12,'471100','0379'),(377,'偃师','ys',12,'471900','0379'),(378,'伊川','yc',12,'471300','0379'),(379,'宜阳','yy',12,'471600','0379'),(380,'新安','xa',12,'471800','0379'),(381,'汝阳','ry',12,'471200','0379'),(382,'嵩县','sx',12,'471400','0379'),(383,'栾川','lc',12,'471500','0379'),(384,'焦作','jz',12,'454100','0391'),(385,'修武','xw',12,'454300','0391'),(386,'武陟','wz',12,'454900','0391'),(387,'温县','wx',12,'454800','0391'),(388,'孟县','mx',12,'454700','0391'),(389,'博爱','ba',12,'454400','0391'),(390,'沁阳','qy',12,'454500','0391'),(391,'济源','jy',12,'454600','0391'),(392,'鹤壁','hb',12,'456600','0392'),(393,'浚县','jx',12,'456200','0392'),(394,'淇县','qx',12,'456700','0392'),(395,'濮阳','py',12,'457000','0393'),(396,'濮阳县','pyx',12,'457002','0393'),(397,'台前','tq',12,'457600','0393'),(398,'范县','fx',12,'457500','0393'),(399,'南乐','nl',12,'457400','0393'),(400,'清丰','qf',12,'457300','0393'),(401,'周口','zk',12,'466000','0394'),(402,'西华','xh',12,'466600','0394'),(403,'淮阳','hy',12,'466700','0394'),(404,'郸城','dc',12,'477100','0394'),(405,'鹿邑','ly',12,'477200','0394'),(406,'沈丘','sq',12,'466300','0394'),(407,'项城','xc',12,'466200','0394'),(408,'扶沟','fg',12,'461300','0394'),(409,'太康','tk',12,'475400','0394'),(410,'商水','ss',12,'466100','0394'),(411,'漯河','lh',12,'462000','0395'),(412,'临颖','ly',12,'462600','0395'),(413,'舞阳','wy',12,'462400','0395'),(414,'郾城','yc',12,'462300','0395'),(415,'驻马店','zmd',12,'463000','0396'),(416,'泌阳','by',12,'463700','0396'),(417,'遂平','sp',12,'463100','0396'),(418,'汝南','rn',12,'463300','0396'),(419,'确山','qs',12,'463200','0396'),(420,'西平','xp',12,'462100','0396'),(421,'上蔡','sc',12,'463800','0396'),(422,'平舆','py',12,'463400','0396'),(423,'新蔡','xc',12,'463500','0396'),(424,'正阳','zy',12,'463600','0396'),(425,'潢川','hc',12,'465100','0397'),(426,'光山','gs',12,'465400','0397'),(427,'新县','xx',12,'465500','0397'),(428,'淮滨','hb',12,'464400','0397'),(429,'固始','gs',12,'465200','0397'),(430,'商城','sc',12,'465300','0397'),(431,'息县','xx',12,'464300','0397'),(432,'三门峡','smx',12,'472000','0398'),(433,'卢氏','ls',12,'472200','0398'),(434,'渑池','sc',12,'472400','0398'),(435,'义马','ym',12,'472300','0398'),(436,'灵宝','lb',12,'472500','0398'),(437,'陕县','sx',12,'472100','0398'),(438,'沈阳','sy',19,'110000','024'),(439,'新民','xm',19,'110300','024'),(440,'辽中','lz',19,'110200','024'),(441,'康平','kp',19,'112200','024'),(442,'法库','fk',19,'112100','024'),(443,'铁岭','tl',19,'112000','0410'),(444,'铁岭县','tlx',19,'112600','0410'),(445,'昌图','ct',19,'112500','0410'),(446,'开原','ky',19,'112300','0410'),(447,'西丰','xf',19,'112400','0410'),(448,'铁法','tf',19,'112700','0410'),(449,'大连','dl',19,'116000','0411'),(450,'庄河','zh',19,'116400','0411'),(451,'长海','ch',19,'116500','0411'),(452,'瓦房店','wfd',19,'116300','0411'),(453,'普兰店','pld',19,'116600','0411'),(454,'金县','jx',19,'116100','0411'),(455,'新金','xj',19,'116200','0411'),(456,'鞍山','as',19,'114000','0412'),(457,'海城','hc',19,'114200','0412'),(458,'台安','ta',19,'114100','0412'),(459,'岫岩','xy',19,'114300','0412'),(460,'抚顺','fs',19,'113000','0413'),(461,'抚顺县','fsx',19,'113100','0413'),(462,'清原','qy',19,'113300','0413'),(463,'新宾','xb',19,'113200','0413'),(464,'本溪','bx',19,'117000','0414'),(465,'本溪县','bxx',19,'117100','0414'),(466,'桓仁','hr',19,'117200','0414'),(467,'丹东','dd',19,'118000','0415'),(468,'东港','dg',19,'118300','0415'),(469,'凤城','fc',19,'118100','0415'),(470,'宽甸','kd',19,'118200','0415'),(471,'锦州','jz',19,'121000','0416'),(472,'凌海','lh',19,'121200','0416'),(473,'黑山','hs',19,'121400','0416'),(474,'义县','yx',19,'121100','0416'),(475,'北宁','bn',19,'121300','0416'),(476,'营口','yk',19,'115000','0417'),(477,'盖州','gz',19,'115200','0417'),(478,'大石桥','dsq',19,'115100','0417'),(479,'阜新','fx',19,'123000','0418'),(480,'阜新县','fxx',19,'123100','0418'),(481,'彰武','zw',19,'123200','0418'),(482,'辽阳','ly',19,'111000','0419'),(483,'辽阳县','lyx',19,'111200','0419'),(484,'灯塔','dt',19,'111300','0419'),(485,'朝阳','cy',19,'122000','0421'),(486,'朝阳县','cyx',19,'122600','0421'),(487,'建平','jp',19,'122400','0421'),(488,'北票','bp',19,'122100','0421'),(489,'凌源','ly',19,'122500','0421'),(490,'喀喇沁左翼','klqzy',19,'122300','0421'),(491,'盘锦','pj',19,'124000','0427'),(492,'盘山','ps',19,'124100','0427'),(493,'大洼','dw',19,'124200','0427'),(494,'葫芦岛','hld',19,'121500','0429'),(495,'绥中','sz',19,'121700','0429'),(496,'建昌','jc',19,'122200','0429'),(497,'兴城','xc',19,'121600','0429'),(498,'长春','cc',16,'130000','0431'),(499,'双阳','sy',16,'130600','0431'),(500,'农安','na',16,'130200','0431'),(501,'九台','jt',16,'130500','0431'),(502,'德惠','dh',16,'130300','0431'),(503,'榆树','ys',16,'130400','0431'),(504,'吉林','jl',16,'132000','0432'),(505,'永吉','yj',16,'132200','0432'),(506,'磬石','qs',16,'132300','0432'),(507,'桦甸','hd',16,'132400','0432'),(508,'蛟河','jh',16,'132500','0432'),(509,'舒兰','sl',16,'132600','0432'),(510,'延吉','yj',16,'133000','0433'),(511,'汪清','wq',16,'133200','0433'),(512,'和龙','hl',16,'133500','0433'),(513,'安图','at',16,'133600','0433'),(514,'敦化','dh',16,'133700','0433'),(515,'图们','tm',16,'133100','0433'),(516,'龙井','lj',16,'133400','0433'),(517,'四平','sp',16,'136000','0434'),(518,'双辽','sl',16,'136400','0434'),(519,'犁树','ls',16,'136500','0434'),(520,'公主岭','gzl',16,'136100','0434'),(521,'通化','th',16,'134000','0435'),(522,'通化县','thx',16,'134100','0435'),(523,'集安','ja',16,'134200','0435'),(524,'白城','bc',16,'137000','0436'),(525,'通榆','ty',16,'137200','0436'),(526,'大安','da',16,'131300','0436'),(527,'洮南','tn',16,'137100','0436'),(528,'镇赉','zl',16,'137300','0436'),(529,'辽源','ly',16,'136200','0437'),(530,'东辽','dl',16,'136600','0437'),(531,'东丰','df',16,'136300','0437'),(532,'松原','sy',16,'131000','0438'),(533,'扶余','fy',16,'131200','0438'),(534,'前郭','qg',16,'131100','0438'),(535,'长岭','cl',16,'131500','0438'),(536,'乾安','qa',16,'131400','0438'),(537,'临江','lj',16,'134100','0439'),(538,'靖宇','jy',16,'135200','0439'),(539,'长白','cb',16,'134400','0439'),(540,'抚松','fs',16,'134500','0439'),(541,'江源','jy',16,'134300','0439'),(542,'珲春','hc',16,'133300','0440'),(543,'梅河口','mhk',16,'135000','0448'),(544,'柳河','lh',16,'135300','0448'),(545,'辉南','hn',16,'135100','0448'),(546,'哈尔滨','hrb',13,'150000','0451'),(547,'阿城','ac',13,'150300','0451'),(548,'通河','th',13,'150900','0451'),(549,'方正','fz',13,'150800','0451'),(550,'尚志','sz',13,'150600','0451'),(551,'延寿','ys',13,'150700','0451'),(552,'双成','sc',13,'150100','0451'),(553,'肇东','zd',13,'151100','0451'),(554,'宾县','bx',13,'150400','0451'),(555,'木兰','ml',13,'151900','0451'),(556,'五常','wc',13,'150200','0451'),(557,'巴彦','by',13,'151800','0451'),(558,'呼兰','hl',13,'150500','0451'),(559,'齐齐哈尔','qqhr',13,'161000','0452'),(560,'克山','ks',13,'161600','0452'),(561,'拜泉','bq',13,'161700','0452'),(562,'依安','ya',13,'161500','0452'),(563,'龙江','lj',13,'161100','0452'),(564,'讷河','nh',13,'161300','0452'),(565,'甘南','gn',13,'162100','0452'),(566,'富裕','fy',13,'161200','0452'),(567,'克东','kd',13,'161800','0452'),(568,'泰来','tl',13,'162400','0452'),(569,'牡丹江','mdj',13,'157000','0453'),(570,'林口','lk',13,'157600','0453'),(571,'穆棱','ml',13,'157500','0453'),(572,'东宁','dn',13,'157200','0453'),(573,'海林','hl',13,'157100','0453'),(574,'宁安','na',13,'157400','0453'),(575,'绥芬河','sfh',13,'157300','0453'),(576,'虎林','hl',13,'158400','0453'),(577,'鸡西','jx',13,'158100','0453'),(578,'鸡东','jd',13,'158200','0453'),(579,'密山','ms',13,'158300','0453'),(580,'七台河','qth',13,'154600','0453'),(581,'勃利','bl',13,'154500','0453'),(582,'佳木斯','jms',13,'154000','0454'),(583,'依兰','yl',13,'154800','0454'),(584,'汤原','ty',13,'154700','0454'),(585,'桦南','hn',13,'154400','0454'),(586,'富锦','fj',13,'156100','0454'),(587,'抚远','fy',13,'156500','0454'),(588,'同江','tj',13,'156400','0454'),(589,'桦川','hc',13,'154300','0454'),(590,'饶河','rh',13,'156700','0454'),(591,'萝北','lb',13,'154200','0454'),(592,'鹤岗','hg',13,'154100','0454'),(593,'绥滨','sb',13,'156200','0454'),(594,'双鸭山','sys',13,'155100','0454'),(595,'友谊','yy',13,'156900','0454'),(596,'宝清','bq',13,'156600','0454'),(597,'集贤','jx',13,'154900','0454'),(598,'绥化','sh',13,'152000','0458'),(599,'明水','ms',13,'151700','0458'),(600,'庆安','qa',13,'152400','0458'),(601,'海伦','hl',13,'152300','0458'),(602,'绥棱','sl',13,'152200','0458'),(603,'望奎','wk',13,'152100','0458'),(604,'兰西','lx',13,'151500','0458'),(605,'青冈','qg',13,'151600','0458'),(606,'黑河','hh',13,'164300','0456'),(607,'北安','ba',13,'164000','0456'),(608,'孙吴','sw',13,'164200','0456'),(609,'逊克','xk',13,'164400','0456'),(610,'德都','dd',13,'164100','0456'),(611,'嫩江','nj',13,'161400','0456'),(612,'五大连池','wdlc',13,'164500','0456'),(613,'加格达奇','jgdq',13,'165000','0457'),(614,'塔河','th',13,'165200','0457'),(615,'呼玛','hm',13,'165100','0457'),(616,'漠河','mh',13,'165300','0457'),(617,'伊春','yc',13,'153000','0458'),(618,'嘉荫','jy',13,'153200','0458'),(619,'铁力','tl',13,'152500','0458'),(620,'大庆','dq',13,'163000','0459'),(621,'林甸','ld',13,'162300','0459'),(622,'安达','ad',13,'151400','0459'),(623,'肇州','zz',13,'151200','0459'),(624,'杜尔伯特','drbt',13,'162000','0459'),(625,'肇源','zy',13,'151300','0459'),(626,'海拉尔','hlr',20,'021000','0470'),(627,'鄂温克','ewk',20,'021100','0470'),(628,'阿荣旗','arq',20,'162750','0470'),(629,'牙克石','yks',20,'022100','0470'),(630,'扎兰屯','zlt',20,'162650','0470'),(631,'鄂伦春','elc',20,'022400','0470'),(632,'陈巴尔虎旗','cbrhq',20,'021500','0470'),(633,'新巴尔虎左旗','xbrhzq',20,'021200','0470'),(634,'新巴尔虎右旗','xbrhyq',20,'021300','0470'),(635,'根河','gh',20,'022300','0470'),(636,'额尔古纳右旗','ergnyq',20,'022200','0470'),(637,'莫力达瓦旗','mldwq',20,'162800','0470'),(638,'满洲里','mzl',20,'021400','0470'),(639,'呼和浩特','hhht',20,'010000','0471'),(640,'托克托','tkt',20,'010200','0471'),(641,'土默特左旗','tmtzq',20,'010100','0471'),(642,'和林格尔','hlgr',20,'011500','0471'),(643,'武川','wc',20,'011700','0471'),(644,'清水河','qsh',20,'011600','0471'),(645,'包头','bt',20,'014000','0472'),(646,'固阳','gy',20,'014200','0472'),(647,'土默特右旗','tmtyq',20,'014100','0472'),(648,'白云鄂博','byeb',20,'014080','0472'),(649,'达茂旗','dmq',20,'014300','0472'),(650,'乌海','wh',20,'016000','0473'),(651,'集宁','jn',20,'012000','0474'),(652,'四子王旗','szwq',20,'011800','0474'),(653,'化德','hd',20,'013300','0474'),(654,'丰镇','fz',20,'012100','0474'),(655,'卓资','zz',20,'012300','0474'),(656,'商都','sd',20,'013400','0474'),(657,'兴和','xh',20,'013600','0474'),(658,'凉城','lc',20,'013700','0474'),(659,'察哈尔右翼前旗','chryyqq',20,'012200','0474'),(660,'察哈尔右翼中旗','chryyzq',20,'013500','0474'),(661,'察哈尔右翼后旗','chryyhq',20,'012400','0474'),(662,'通辽','tl',20,'028000','0475'),(663,'开鲁','kl',20,'028400','0475'),(664,'库伦旗','klq',20,'028200','0475'),(665,'奈曼旗','nmq',20,'028300','0475'),(666,'扎鲁特旗','zltq',20,'029100','0475'),(667,'科尔沁左翼中旗','krqzyzq',20,'029300','0475'),(668,'科尔沁左翼后旗','krqzyhq',20,'028100','0475'),(669,'霍林郭勒','hlgl',20,'029200','0475'),(670,'赤峰','cf',20,'024000','0476'),(671,'阿鲁科尔沁','alkrq',20,'025500','0476'),(672,'宁城','nc',20,'024200','0476'),(673,'敖汉旗','ahq',20,'024300','0476'),(674,'翁牛特旗','wntq',20,'024500','0476'),(675,'巴林左旗','blzq',20,'025400','0476'),(676,'巴林右旗','blyq',20,'025100','0476'),(677,'林西','lx',20,'025200','0476'),(678,'克什克腾旗','ksktq',20,'025300','0476'),(679,'喀喇沁旗','klqq',20,'024400','0476'),(680,'东胜','ds',20,'017000','0477'),(681,'达拉特旗','dltq',20,'014300','0477'),(682,'伊金霍洛旗','yjhlq',20,'017200','0477'),(683,'准格尔旗','zgrq',20,'017100','0477'),(684,'杭棉旗','hmq',20,'017400','0477'),(685,'乌审','ws',20,'017300','0477'),(686,'鄂托克旗','etkq',20,'016100','0477'),(687,'鄂托克前旗','etkqq',20,'016200','0477'),(688,'临河','lh',20,'015000','0478'),(689,'五原','wy',20,'015100','0478'),(690,'磴口','dk',20,'015200','0478'),(691,'乌拉特前镇','wltqz',20,'014400','0478'),(692,'乌拉特中镇','wltzz',20,'015300','0478'),(693,'乌拉特后镇','wlthz',20,'015500','0478'),(694,'杭锦后旗','hjhq',20,'015400','0478'),(695,'锡林浩特','xlht',20,'026000','0479'),(696,'二连浩特','elht',20,'012600','0479'),(697,'多伦','dl',20,'027300','0479'),(698,'太仆寺旗','tpsq',20,'027000','0479'),(699,'苏尼特左旗','sntzq',20,'013100','0479'),(700,'苏尼特右旗','sntyq',20,'012500','0479'),(701,'镶黄旗','xhq',20,'013200','0479'),(702,'东乌珠穆沁旗','dwzmqq',20,'026300','0479'),(703,'西乌珠穆沁旗','xwzmqq',20,'026200','0479'),(704,'阿马嗄旗','amsq',20,'026100','0479'),(705,'正镶白旗','zxbq',20,'027100','0479'),(706,'正蓝旗','zlq',20,'027200','0479'),(707,'乌兰浩特','wlht',20,'137400','0482'),(708,'扎赉特旗','zltq',20,'137600','0482'),(709,'突泉','tq',20,'037500','0482'),(710,'科右中旗','kyzq',20,'029400','0482'),(711,'阿拉善左旗','alszq',20,'750300','04831'),(712,'阿拉善右旗','alsyq',20,'737300','04887'),(713,'额济纳旗','ejnq',20,'735400','04888'),(714,'南京','nj',17,'210000','025'),(715,'江浦','jp',17,'211800','025'),(716,'六合','lh',17,'211500','025'),(717,'江宁','jn',17,'211100','025'),(718,'高淳','gc',17,'211300','025'),(719,'溧水','ls',17,'211200','025'),(720,'无锡','wx',17,'214000','0510'),(721,'江阴','jy',17,'214400','0510'),(722,'宜兴','yx',17,'214200','0510'),(723,'锡山','xs',17,'214100','0510'),(724,'镇江','zj',17,'212000','0511'),(725,'丹徒','dt',17,'212100','0511'),(726,'丹阳','dy',17,'212300','0511'),(727,'句容','jr',17,'212400','0511'),(728,'扬中','yz',17,'212200','0511'),(729,'苏州','sz',17,'215000','0512'),(730,'吴江','wj',17,'215200','0512'),(731,'吴县','wx',17,'215100','0512'),(732,'南通','nt',17,'226300','0513'),(733,'如东','rd',17,'226400','0513'),(734,'如皋','rg',17,'226500','0513'),(735,'通州市','tzs',17,'226300','0513'),(736,'海门','hm',17,'226100','0513'),(737,'启东','qd',17,'226200','0513'),(738,'海安','ha',17,'226600','0513'),(739,'扬州','yz',17,'225000','0514'),(740,'江都','jd',17,'225200','0514'),(741,'邗江','hj',17,'225100','0514'),(742,'仪征','yz',17,'211400','0514'),(743,'高邮','gy',17,'225600','0514'),(744,'宝应','by',17,'225800','0514'),(745,'盐城','yc',17,'224000','0515'),(746,'响水','xs',17,'224600','0515'),(747,'滨海','bh',17,'224500','0515'),(748,'阜宁','fn',17,'224400','0515'),(749,'射阳','sy',17,'224300','0515'),(750,'建湖','jh',17,'224700','0515'),(751,'大丰','df',17,'224100','0515'),(752,'东台','dt',17,'224200','0515'),(753,'徐州','xz',17,'221000','0516'),(754,'铜山','ts',17,'221100','0516'),(755,'丰县','fx',17,'221700','0516'),(756,'沛县','px',17,'221600','0516'),(757,'邳县','px',17,'221300','0516'),(758,'新沂','xy',17,'221400','0516'),(759,'睢宁','sn',17,'221200','0516'),(760,'淮阴','hy',17,'223000','0517'),(761,'淮阴县','hyx',17,'223300','0517'),(762,'淮安','ha',17,'223200','0517'),(763,'洪泽','hz',17,'223100','0517'),(764,'金湖','jh',17,'211600','0517'),(765,'涟水','ls',17,'223400','0517'),(766,'盱眙','xy',17,'211700','0517'),(767,'连云港','lyg',17,'222000','0518'),(768,'东海','dh',17,'222300','0518'),(769,'赣榆','gy',17,'222100','0518'),(770,'灌云','gy',17,'222200','0518'),(771,'灌南','gn',17,'223500','0518'),(772,'常州','cz',17,'213000','0519'),(773,'武进','wj',17,'213100','0519'),(774,'金坛','jt',17,'213200','0519'),(775,'溧阳','ly',17,'213300','0519'),(776,'张家港','zjg',17,'215600','0520'),(777,'常熟','cs',17,'215500','0520'),(778,'昆山','ks',17,'215300','0520'),(779,'太仓','tc',17,'215400','0520'),(780,'泰州','tz',17,'225300','0523'),(781,'靖江','jj',17,'214500','0523'),(782,'泰兴','tx',17,'225400','0523'),(783,'姜堰','jy',17,'225500','0523'),(784,'兴化','xh',17,'225700','0523'),(785,'沐阳','my',17,'223600','0527'),(786,'宿迁','sq',17,'223800','0527'),(787,'泗阳','sy',17,'223700','0527'),(788,'泗洪','sh',17,'211900','0527'),(789,'南京','nj',17,'210000','025'),(790,'江浦','jp',17,'211800','025'),(791,'六合','lh',17,'211500','025'),(792,'江宁','jn',17,'211100','025'),(793,'高淳','gc',17,'211300','025'),(794,'溧水','ls',17,'211200','025'),(795,'无锡','wx',17,'214000','0510'),(796,'江阴','jy',17,'214400','0510'),(797,'宜兴','yx',17,'214200','0510'),(798,'锡山','xs',17,'214100','0510'),(799,'镇江','zj',17,'212000','0511'),(800,'丹徒','dt',17,'212100','0511'),(801,'丹阳','dy',17,'212300','0511'),(802,'句容','jr',17,'212400','0511'),(803,'扬中','yz',17,'212200','0511'),(804,'苏州','sz',17,'215000','0512'),(805,'吴江','wj',17,'215200','0512'),(806,'吴县','wx',17,'215100','0512'),(807,'南通','nt',17,'226300','0513'),(808,'如东','rd',17,'226400','0513'),(809,'如皋','rg',17,'226500','0513'),(810,'通州市','tzs',17,'226300','0513'),(811,'海门','hm',17,'226100','0513'),(812,'启东','qd',17,'226200','0513'),(813,'海安','ha',17,'226600','0513'),(814,'扬州','yz',17,'225000','0514'),(815,'江都','jd',17,'225200','0514'),(816,'邗江','hj',17,'225100','0514'),(817,'仪征','yz',17,'211400','0514'),(818,'高邮','gy',17,'225600','0514'),(819,'宝应','by',17,'225800','0514'),(820,'盐城','yc',17,'224000','0515'),(821,'响水','xs',17,'224600','0515'),(822,'滨海','bh',17,'224500','0515'),(823,'阜宁','fn',17,'224400','0515'),(824,'射阳','sy',17,'224300','0515'),(825,'建湖','jh',17,'224700','0515'),(826,'大丰','df',17,'224100','0515'),(827,'东台','dt',17,'224200','0515'),(828,'徐州','xz',17,'221000','0516'),(829,'铜山','ts',17,'221100','0516'),(830,'丰县','fx',17,'221700','0516'),(831,'沛县','px',17,'221600','0516'),(832,'邳县','px',17,'221300','0516'),(833,'新沂','xy',17,'221400','0516'),(834,'睢宁','sn',17,'221200','0516'),(835,'淮阴','hy',17,'223000','0517'),(836,'淮阴县','hyx',17,'223300','0517'),(837,'淮安','ha',17,'223200','0517'),(838,'洪泽','hz',17,'223100','0517'),(839,'金湖','jh',17,'211600','0517'),(840,'涟水','ls',17,'223400','0517'),(841,'盱眙','xy',17,'211700','0517'),(842,'连云港','lyg',17,'222000','0518'),(843,'东海','dh',17,'222300','0518'),(844,'赣榆','gy',17,'222100','0518'),(845,'灌云','gy',17,'222200','0518'),(846,'灌南','gn',17,'223500','0518'),(847,'常州','cz',17,'213000','0519'),(848,'武进','wj',17,'213100','0519'),(849,'金坛','jt',17,'213200','0519'),(850,'溧阳','ly',17,'213300','0519'),(851,'张家港','zjg',17,'215600','0520'),(852,'常熟','cs',17,'215500','0520'),(853,'昆山','ks',17,'215300','0520'),(854,'太仓','tc',17,'215400','0520'),(855,'泰州','tz',17,'225300','0523'),(856,'靖江','jj',17,'214500','0523'),(857,'泰兴','tx',17,'225400','0523'),(858,'姜堰','jy',17,'225500','0523'),(859,'兴化','xh',17,'225700','0523'),(860,'沐阳','my',17,'223600','0527'),(861,'宿迁','sq',17,'223800','0527'),(862,'泗阳','sy',17,'223700','0527'),(863,'泗洪','sh',17,'211900','0527'),(864,'南京','nj',17,'210000','025'),(865,'江浦','jp',17,'211800','025'),(866,'六合','lh',17,'211500','025'),(867,'江宁','jn',17,'211100','025'),(868,'高淳','gc',17,'211300','025'),(869,'溧水','ls',17,'211200','025'),(870,'无锡','wx',17,'214000','0510'),(871,'江阴','jy',17,'214400','0510'),(872,'宜兴','yx',17,'214200','0510'),(873,'锡山','xs',17,'214100','0510'),(874,'镇江','zj',17,'212000','0511'),(875,'丹徒','dt',17,'212100','0511'),(876,'丹阳','dy',17,'212300','0511'),(877,'句容','jr',17,'212400','0511'),(878,'扬中','yz',17,'212200','0511'),(879,'苏州','sz',17,'215000','0512'),(880,'吴江','wj',17,'215200','0512'),(881,'吴县','wx',17,'215100','0512'),(882,'南通','nt',17,'226300','0513'),(883,'如东','rd',17,'226400','0513'),(884,'如皋','rg',17,'226500','0513'),(885,'通州市','tzs',17,'226300','0513'),(886,'海门','hm',17,'226100','0513'),(887,'启东','qd',17,'226200','0513'),(888,'海安','ha',17,'226600','0513'),(889,'扬州','yz',17,'225000','0514'),(890,'江都','jd',17,'225200','0514'),(891,'邗江','hj',17,'225100','0514'),(892,'仪征','yz',17,'211400','0514'),(893,'高邮','gy',17,'225600','0514'),(894,'宝应','by',17,'225800','0514'),(895,'盐城','yc',17,'224000','0515'),(896,'响水','xs',17,'224600','0515'),(897,'滨海','bh',17,'224500','0515'),(898,'阜宁','fn',17,'224400','0515'),(899,'射阳','sy',17,'224300','0515'),(900,'建湖','jh',17,'224700','0515'),(901,'大丰','df',17,'224100','0515'),(902,'东台','dt',17,'224200','0515'),(903,'徐州','xz',17,'221000','0516'),(904,'铜山','ts',17,'221100','0516'),(905,'丰县','fx',17,'221700','0516'),(906,'沛县','px',17,'221600','0516'),(907,'邳县','px',17,'221300','0516'),(908,'新沂','xy',17,'221400','0516'),(909,'睢宁','sn',17,'221200','0516'),(910,'淮阴','hy',17,'223000','0517'),(911,'淮阴县','hyx',17,'223300','0517'),(912,'淮安','ha',17,'223200','0517'),(913,'洪泽','hz',17,'223100','0517'),(914,'金湖','jh',17,'211600','0517'),(915,'涟水','ls',17,'223400','0517'),(916,'盱眙','xy',17,'211700','0517'),(917,'连云港','lyg',17,'222000','0518'),(918,'东海','dh',17,'222300','0518'),(919,'赣榆','gy',17,'222100','0518'),(920,'灌云','gy',17,'222200','0518'),(921,'灌南','gn',17,'223500','0518'),(922,'常州','cz',17,'213000','0519'),(923,'武进','wj',17,'213100','0519'),(924,'金坛','jt',17,'213200','0519'),(925,'溧阳','ly',17,'213300','0519'),(926,'张家港','zjg',17,'215600','0520'),(927,'常熟','cs',17,'215500','0520'),(928,'昆山','ks',17,'215300','0520'),(929,'太仓','tc',17,'215400','0520'),(930,'泰州','tz',17,'225300','0523'),(931,'靖江','jj',17,'214500','0523'),(932,'泰兴','tx',17,'225400','0523'),(933,'姜堰','jy',17,'225500','0523'),(934,'兴化','xh',17,'225700','0523'),(935,'沐阳','my',17,'223600','0527'),(936,'宿迁','sq',17,'223800','0527'),(937,'泗阳','sy',17,'223700','0527'),(938,'泗洪','sh',17,'211900','0527'),(939,'荷泽','hz',23,'274000','0530'),(940,'巨野','jy',23,'274900','0530'),(941,'定陶','dt',23,'274100','0530'),(942,'成武','cw',23,'243600','0530'),(943,'单县','dx',23,'273700','0530'),(944,'曹县','cx',23,'274400','0530'),(945,'东明','dm',23,'274500','0530'),(946,'鄄城','jc',23,'274600','0530'),(947,'郓城','yc',23,'274700','0530'),(948,'济南','jn',23,'250000','0531'),(949,'长清','cq',23,'250300','0531'),(950,'章丘','zq',23,'250200','0531'),(951,'商河','sh',23,'251600','0531'),(952,'济阳','jy',23,'251400','0531'),(953,'平阴','py',23,'250400','0531'),(954,'青岛','qd',23,'266000','0532'),(955,'胶南','jn',23,'266400','0532'),(956,'胶州','jz',23,'266300','0532'),(957,'平度','pd',23,'262800','0532'),(958,'莱西','lx',23,'266600','0532'),(959,'即墨','jm',23,'266200','0532'),(960,'淄博','zb',23,'255000','0533'),(961,'桓台','ht',23,'256400','0533'),(962,'高青','gq',23,'256300','0533'),(963,'沂源','yy',23,'256100','0533'),(964,'德州','dz',23,'253000','0534'),(965,'庆云','qy',23,'253700','0534'),(966,'监邑','jy',23,'251500','0534'),(967,'夏津','xj',23,'253200','0534'),(968,'平原','py',23,'253100','0534'),(969,'宁津','nj',23,'253400','0534'),(970,'齐河','qh',23,'251100','0534'),(971,'乐陵','ll',23,'253600','0534'),(972,'武城','wc',23,'253300','0534'),(973,'禹城','yc',23,'251200','0534'),(974,'陵县','lx',23,'253500','0534'),(975,'烟台','yt',23,'264000','0535'),(976,'招远','zy',23,'265400','0535'),(977,'莱阳','ly',23,'265200','0535'),(978,'海阳','hy',23,'265100','0535'),(979,'长岛','cd',23,'265800','0535'),(980,'莱州','lz',23,'261400','0535'),(981,'龙口','lk',23,'265700','0535'),(982,'蓬莱','pl',23,'265600','0535'),(983,'栖霞','qx',23,'265300','0535'),(984,'牟平','mp',23,'264100','0535'),(985,'潍坊','wf',23,'261000','0536'),(986,'寿光','sg',23,'262700','0536'),(987,'昌邑','cy',23,'261300','0536'),(988,'高密','gm',23,'261500','0536'),(989,'诸城','zc',23,'262200','0536'),(990,'安丘','aq',23,'262100','0536'),(991,'临朐','lq',23,'262600','0536'),(992,'青州','qz',23,'262500','0536'),(993,'昌乐','cl',23,'262400','0536'),(994,'济宁','jn',23,'272100','0537'),(995,'梁山','ls',23,'274800','0537'),(996,'曲阜','qf',23,'273100','0537'),(997,'兖州','yz',23,'272000','0537'),(998,'邹城','zc',23,'273500','0537'),(999,'微山','ws',23,'277600','0537'),(1000,'鱼台','yt',23,'272300','0537'),(1001,'金乡','jx',23,'272200','0537'),(1002,'嘉祥','jx',23,'272400','0537'),(1003,'泗水','ss',23,'273200','0537'),(1004,'汶上','ws',23,'272500','0537'),(1005,'泰安','ta',23,'271000','0538'),(1006,'新泰','xt',23,'271200','0538'),(1007,'宁阳','ny',23,'271400','0538'),(1008,'东平','dp',23,'271500','0538'),(1009,'肥城','fc',23,'271600','0538'),(1010,'临沂','ly',23,'276000','0539'),(1011,'苍山','cs',23,'277700','0539'),(1012,'平邑','py',23,'273300','0539'),(1013,'蒙阴','my',23,'276200','0539'),(1014,'沂水','ys',23,'276400','0539'),(1015,'沂南','yn',23,'276300','0539'),(1016,'莒南','jn',23,'276600','0539'),(1017,'临沭','ls',23,'276700','0539'),(1018,'郯城','tc',23,'276100','0539'),(1019,'费县','fx',23,'273400','0539'),(1020,'滨州','bz',23,'256600','0543'),(1021,'博兴','bx',23,'256500','0543'),(1022,'邹平','zp',23,'256200','0543'),(1023,'惠民','hm',23,'251700','0543'),(1024,'无棣','wd',23,'251900','0543'),(1025,'沾化','zh',23,'256800','0543'),(1026,'阳信','yx',23,'251800','0543'),(1027,'东营','dy',23,'257000','0546'),(1028,'利津','lj',23,'257400','0546'),(1029,'广饶','gr',23,'257300','0546'),(1030,'垦利','kl',23,'257500','0546'),(1031,'威海','wh',23,'264200','0631'),(1032,'荣城','rc',23,'264300','0631'),(1033,'文登','wd',23,'264400','0631'),(1034,'乳山','rs',23,'264500','0631'),(1035,'枣庄','zz',23,'277100','0632'),(1036,'滕州','tz',23,'277500','0632'),(1037,'日照','rz',23,'276800','0633'),(1038,'五莲','wl',23,'262300','0633'),(1039,'河口','hk',23,'257200','0633'),(1040,'莱芜','lw',23,'271100','0634'),(1041,'聊城','lc',23,'252000','0635'),(1042,'临清','lq',23,'252600','0635'),(1043,'茌平','cp',23,'252100','0635'),(1044,'高唐','gt',23,'251300','0635'),(1045,'东阿','da',23,'252200','0635'),(1046,'阳谷','yg',23,'252300','0635'),(1047,'莘县','sx',23,'252400','0635'),(1048,'冠县','gx',23,'252500','0635'),(1049,'寿县','sx',5,'232200','0564'),(1050,'舒城','sc',5,'231300','0564'),(1051,'六安','la',5,'237000','0564'),(1052,'绩溪','jx',5,'245300','0563'),(1053,'广德','gd',5,'242200','0563'),(1054,'旌德','jd',5,'242600','0563'),(1055,'宁国','ng',5,'242300','0563'),(1056,'郎溪','lx',5,'242100','0563'),(1057,'泾县','jx',5,'242500','0563'),(1058,'宣州','xz',5,'242000','0563'),(1059,'铜陵县','tlx',5,'244100','0562'),(1060,'铜陵','tl',5,'244000','0562'),(1061,'濉溪','sx',5,'235100','0561'),(1062,'淮北','hb',5,'235000','0561'),(1063,'黟县','yx',5,'245500','0559'),(1064,'休宁','xn',5,'245400','0559'),(1065,'祁门','qm',5,'245600','0559'),(1066,'歙县','xx',5,'245200','0559'),(1067,'黄山','hs',5,'245000','0559'),(1068,'利辛','lx',5,'236700','0558'),(1069,'临泉','lq',5,'236400','0558'),(1070,'太和','th',5,'236600','0558'),(1071,'颍上','ys',5,'236200','0558'),(1072,'界首','js',5,'236500','0558'),(1073,'涡阳','wy',5,'233600','0558'),(1074,'蒙城','mc',5,'233500','0558'),(1075,'阜南','fn',5,'236300','0558'),(1076,'毫州','hz',5,'236800','0558'),(1077,'阜阳','fy',5,'236000','0558'),(1078,'泗县','sx',5,'234300','0557'),(1079,'灵壁','lb',5,'234200','0557'),(1080,'砀山','ds',5,'235300','0557'),(1081,'萧县','xx',5,'235200','0557'),(1082,'宿州','sz',5,'234000','0557'),(1083,'岳西','yx',5,'246600','0556'),(1084,'怀宁','hn',5,'246100','0556'),(1085,'宿松','ss',5,'246500','0556'),(1086,'潜山','qs',5,'246300','0556'),(1087,'望江','wj',5,'246200','0556'),(1088,'桐城','tc',5,'231400','0556'),(1089,'枞阳','cy',5,'246700','0556'),(1090,'太湖','th',5,'246400','0556'),(1091,'安庆','aq',5,'246000','0556'),(1092,'当涂','dt',5,'243100','0555'),(1093,'马鞍山','mas',5,'243000','0555'),(1094,'凤台','ft',5,'232100','0554'),(1095,'淮南','hn',5,'232000','0554'),(1096,'南陵','nl',5,'242400','0553'),(1097,'繁昌','fc',5,'241200','0553'),(1098,'芜湖县','whx',5,'241100','0553'),(1099,'芜湖','wh',5,'241000','0553'),(1100,'固镇','gz',5,'233700','0552'),(1101,'怀远','hy',5,'233400','0552'),(1102,'五河','wh',5,'233300','0552'),(1103,'蚌埠','bb',5,'233000','0552'),(1104,'长丰','cf',5,'231100','0551'),(1105,'肥西','fx',5,'231200','0551'),(1106,'肥东','fd',5,'231600','0551'),(1107,'明光','mg',5,'239400','0550'),(1108,'定远','dy',5,'233200','0550'),(1109,'来安','la',5,'239200','0550'),(1110,'天长','tc',5,'239300','0550'),(1111,'凤阳','fy',5,'233100','0550'),(1112,'全椒','qj',5,'239500','0550'),(1113,'滁州','cz',5,'239000','0550'),(1114,'合肥','hf',5,'230000','0551'),(1115,'石台','st',5,'245100','0566'),(1116,'东至','dz',5,'247200','0566'),(1117,'青阳','qy',5,'242800','0566'),(1118,'贵池','gc',5,'247100','0566'),(1119,'含山','hs',5,'238100','0565'),(1120,'和县','hx',5,'238200','0565'),(1121,'庐江','lj',5,'231500','0565'),(1122,'无为','ww',5,'238300','0565'),(1123,'巢湖','ch',5,'238000','0565'),(1124,'金寨','jz',5,'237300','0564'),(1125,'霍山','hs',5,'237200','0564'),(1126,'霍邱','hq',5,'237400','0564'),(1127,'衢州','qz',30,'324000','0570'),(1128,'江山','js',30,'324100','0570'),(1129,'常山','cs',30,'324200','0570'),(1130,'开化','kh',30,'324300','0570'),(1131,'衢县','qx',30,'324000','0570'),(1132,'龙游','ly',30,'324400','0570'),(1133,'杭州','hz',30,'310000','0571'),(1134,'余杭','yh',30,'311100','0571'),(1135,'富阳','fy',30,'311400','0571'),(1136,'淳安','ca',30,'311700','0571'),(1137,'建德','jd',30,'311600','0571'),(1138,'桐庐','tl',30,'311500','0571'),(1139,'临安','la',30,'311300','0571'),(1140,'萧山','xs',30,'311200','0571'),(1141,'湖州','hz',30,'313000','0572'),(1142,'德清','dq',30,'313200','0572'),(1143,'安吉','aj',30,'313300','0572'),(1144,'长兴','cx',30,'313100','0572'),(1145,'嘉兴','jx',30,'314000','0573'),(1146,'桐乡','tx',30,'314500','0573'),(1147,'嘉善','js',30,'314100','0573'),(1148,'海盐','hy',30,'314300','0573'),(1149,'平湖','ph',30,'314200','0573'),(1150,'海宁','hn',30,'314400','0573'),(1151,'宁波','nb',30,'315000','0574'),(1152,'镇海','zh',30,'315200','0574'),(1153,'余姚','yy',30,'315400','0574'),(1154,'慈溪','cx',30,'315300','0574'),(1155,'鄞县','yx',30,'315100','0574'),(1156,'奉化','fh',30,'315500','0574'),(1157,'宁海','nh',30,'315600','0574'),(1158,'象山','xs',30,'315700','0574'),(1159,'绍兴','sx',30,'312000','0575'),(1160,'绍兴县','sxx',30,'312300','0575'),(1161,'上虞','sy',30,'312300','0575'),(1162,'嵊县','sx',30,'312400','0575'),(1163,'新昌','xc',30,'312500','0575'),(1164,'诸暨','zj',30,'311800','0575'),(1165,'台州','tz',30,'317000','0576'),(1166,'临海','lh',30,'317000','0576'),(1167,'黄岩','hy',30,'317400','0576'),(1168,'椒江','jj',30,'317700','0576'),(1169,'温岭','wl',30,'317500','0576'),(1170,'玉环','yh',30,'317600','0576'),(1171,'仙居','xj',30,'317300','0576'),(1172,'天台','tt',30,'317200','0576'),(1173,'三门','sm',30,'317100','0576'),(1174,'温州','wz',30,'325000','0577'),(1175,'瓯海','oh',30,'325000','0577'),(1176,'永嘉','yj',30,'325100','0577'),(1177,'乐清','lq',30,'325600','0577'),(1178,'洞头','dt',30,'325700','0577'),(1179,'瑞安','ra',30,'325200','0577'),(1180,'平阳','py',30,'325400','0577'),(1181,'苍南','cn',30,'325800','0577'),(1182,'泰顺','ts',30,'325500','0577'),(1183,'文成','wc',30,'325300','0577'),(1184,'丽水','ls',30,'323000','0578'),(1185,'缙云','jy',30,'321400','0578'),(1186,'青田','qt',30,'323900','0578'),(1187,'云和','yh',30,'323600','0578'),(1188,'庆元','qy',30,'323800','0578'),(1189,'龙泉','lq',30,'323700','0578'),(1190,'遂昌','sc',30,'323300','0578'),(1191,'松阳','sy',30,'323400','0578'),(1192,'景宁','jn',30,'323500','0578'),(1193,'金华','jh',30,'321000','0579'),(1194,'金华县','jhx',30,'321000','0579'),(1195,'义乌','yw',30,'322000','0579'),(1196,'东阳','dy',30,'322100','0579'),(1197,'浦江','pj',30,'322200','0579'),(1198,'永康','yk',30,'321300','0579'),(1199,'武义','wy',30,'321200','0579'),(1200,'兰溪','lx',30,'321100','0579'),(1201,'磐安','pa',30,'322300','0579'),(1202,'舟山','zs',30,'316000','0580'),(1203,'岱山','ds',30,'316200','0580'),(1204,'嵊泗','ss',30,'202450','0580'),(1205,'普陀','pt',30,'316100','0580'),(1206,'福州','fz',6,'350000','0591'),(1207,'闽候','mh',6,'350100','0591'),(1208,'连江','lj',6,'350500','0591'),(1209,'长乐','cl',6,'350200','0591'),(1210,'福清','fq',6,'350300','0591'),(1211,'平潭','pt',6,'350400','0591'),(1212,'永泰','yt',6,'350700','0591'),(1213,'闽清','mq',6,'350800','0591'),(1214,'罗源','ly',6,'350600','0591'),(1215,'厦门','sm',6,'361000','0592'),(1216,'同安','ta',6,'361100','0592'),(1217,'宁德','nd',6,'352100','0593'),(1218,'福安','fa',6,'355000','0593'),(1219,'柘荣','zr',6,'355300','0593'),(1220,'福鼎','fd',6,'355200','0593'),(1221,'霞浦','xp',6,'355100','0593'),(1222,'寿宁','sn',6,'355500','0593'),(1223,'古田','gt',6,'352200','0593'),(1224,'屏南','pn',6,'352300','0593'),(1225,'周宁','zn',6,'355400','0593'),(1226,'莆田','pt',6,'351100','0594'),(1227,'仙游','xy',6,'351200','0594'),(1228,'泉州','qz',6,'362000','0595'),(1229,'晋江','jj',6,'362200','0595'),(1230,'南安','na',6,'362300','0595'),(1231,'安溪','ax',6,'362400','0595'),(1232,'永春','yc',6,'362600','0595'),(1233,'德化','dh',6,'362500','0595'),(1234,'惠安','ha',6,'362100','0595'),(1235,'石狮','ss',6,'362700','0595'),(1236,'漳州','zz',6,'363000','0596'),(1237,'南靖','nj',6,'363600','0596'),(1238,'华安','ha',6,'363800','0596'),(1239,'长泰','ct',6,'363900','0596'),(1240,'龙海','lh',6,'363100','0596'),(1241,'漳浦','zp',6,'363200','0596'),(1242,'云霄','yx',6,'363300','0596'),(1243,'东山','ds',6,'363400','0596'),(1244,'诏安','za',6,'363500','0596'),(1245,'平和','ph',6,'363700','0596'),(1246,'龙岩','ly',6,'364000','0597'),(1247,'漳平','zp',6,'364400','0597'),(1248,'永定','yd',6,'364100','0597'),(1249,'上杭','sh',6,'364200','0597'),(1250,'武平','wp',6,'364300','0597'),(1251,'长汀','ct',6,'366300','0597'),(1252,'连城','lc',6,'366200','0597'),(1253,'三明','sm',6,'365000','0598'),(1254,'沙县','sx',6,'365500','0598'),(1255,'尤溪','yx',6,'365100','0598'),(1256,'大田','dt',6,'366100','0598'),(1257,'永安','ya',6,'366000','0598'),(1258,'清流','ql',6,'365300','0598'),(1259,'宁化','nh',6,'365400','0598'),(1260,'明溪','mx',6,'365200','0598'),(1261,'建宁','jn',6,'354500','0598'),(1262,'泰宁','tn',6,'354400','0598'),(1263,'将乐','jl',6,'353300','0598'),(1264,'南平','np',6,'353000','0599'),(1265,'建瓯','jo',6,'353100','0599'),(1266,'顺昌','sc',6,'353200','0599'),(1267,'建阳','jy',6,'354200','0599'),(1268,'邵武','sw',6,'354000','0599'),(1269,'浦城','pc',6,'353400','0599'),(1270,'松溪','sx',6,'353500','0599'),(1271,'政和','zh',6,'353600','0599'),(1272,'光泽','gz',6,'354100','0599'),(1273,'武夷山','wys',6,'354300','0599'),(1274,'武汉','wh',14,'430000','027'),(1275,'武昌','wc',14,'430200','027'),(1276,'武昌县','wcx',14,'430200','027'),(1277,'蔡甸','cd',14,'430100','027'),(1278,'黄陂','hp',14,'432200','027'),(1279,'新洲','xz',14,'431400','027'),(1280,'襄樊','xf',14,'441000','0710'),(1281,'襄阳','xy',14,'441100','0710'),(1282,'宜城','yc',14,'441400','0710'),(1283,'南漳','nz',14,'441500','0710'),(1284,'谷城','gc',14,'441700','0710'),(1285,'枣阳','zy',14,'441200','0710'),(1286,'老河口','lhk',14,'441800','0710'),(1287,'保康','bk',14,'441600','0710'),(1288,'鄂州','ez',14,'436000','0711'),(1289,'孝感','xg',14,'432100','0712'),(1290,'大悟','dw',14,'432800','0712'),(1291,'汉川','hc',14,'432300','0712'),(1292,'应城','yc',14,'432400','0712'),(1293,'云梦','ym',14,'432500','0712'),(1294,'安陆','al',14,'432600','0712'),(1295,'广水','gs',14,'432700','0712'),(1296,'黄冈','hg',14,'436100','0713'),(1297,'黄州','hz',14,'436100','0713'),(1298,'麻城','mc',14,'431600','0713'),(1299,'红安','ha',14,'431500','0713'),(1300,'浠水','xs',14,'436200','0713'),(1301,'罗田','lt',14,'436600','0713'),(1302,'英山','ys',14,'436700','0713'),(1303,'蕲春','qc',14,'436300','0713'),(1304,'黄梅','hm',14,'436500','0713'),(1305,'武穴','wx',14,'436400','0713'),(1306,'黄石','hs',14,'435000','0714'),(1307,'大冶','dy',14,'435100','0714'),(1308,'咸宁','xn',14,'437000','0715'),(1309,'阳新','yx',14,'435200','0715'),(1310,'通山','ts',14,'437600','0715'),(1311,'崇阳','cy',14,'437500','0715'),(1312,'通城','tc',14,'437400','0715'),(1313,'蒲圻','pq',14,'437300','0715'),(1314,'嘉鱼','jy',14,'437200','0715'),(1315,'荆沙','js',14,'434100','0716'),(1316,'沙市','ss',14,'434000','0716'),(1317,'监利','jl',14,'433300','0716'),(1318,'石首','ss',14,'434400','0716'),(1319,'公安','ga',14,'434300','0716'),(1320,'松滋','sz',14,'434200','0716'),(1321,'钟祥','zx',14,'431900','0716'),(1322,'京山','js',14,'431800','0716'),(1323,'宜昌','yc',14,'443000','0717'),(1324,'宜昌县','ycx',14,'443100','0717'),(1325,'远发','yf',14,'444200','0717'),(1326,'当阳','dy',14,'444100','0717'),(1327,'枝江','zj',14,'443200','0717'),(1328,'枝城','zc',14,'443300','0717'),(1329,'长阳','cy',14,'443500','0717'),(1330,'五峰','wf',14,'443400','0717'),(1331,'秭归','zg',14,'443600','0717'),(1332,'兴山','xs',14,'443700','0717'),(1333,'恩施','es',14,'445000','0718'),(1334,'建始','js',14,'445300','0718'),(1335,'巴东','bd',14,'444300','0718'),(1336,'鹤峰','hf',14,'445800','0718'),(1337,'宣恩','xe',14,'445500','0718'),(1338,'来凤','lf',14,'445700','0718'),(1339,'咸丰','xf',14,'445600','0718'),(1340,'利川','lc',14,'445400','0718'),(1341,'十堰','sy',14,'442000','0719'),(1342,'郧县','yx',14,'442500','0719'),(1343,'丹江口','djk',14,'441900','0719'),(1344,'房县','fx',14,'442100','0719'),(1345,'神农架','snj',14,'442400','0719'),(1346,'竹山','zs',14,'442200','0719'),(1347,'竹溪','zx',14,'442300','0719'),(1348,'郧西','yx',14,'442600','0719'),(1349,'随枣','sz',14,'441200','0722'),(1350,'随州','sz',14,'441300','0722'),(1351,'荆门','jm',14,'434500','0727'),(1352,'江汉','jh',14,'433000','0728'),(1353,'天门','tm',14,'431700','0728'),(1354,'潜江','qj',14,'433100','0728'),(1355,'洪湖','hh',14,'433200','0728'),(1356,'岳阳','yy',15,'414000','0730'),(1357,'岳阳县','yyx',15,'414100','0730'),(1358,'湘阴','xy',15,'410500','0730'),(1359,'华容','hr',15,'414200','0730'),(1360,'临湘','lx',15,'414300','0730'),(1361,'平江','pj',15,'410400','0730'),(1362,'汨罗','ml',15,'414400','0730'),(1363,'长沙','cs',15,'410000','0731'),(1364,'长沙县','csx',15,'410100','0731'),(1365,'宁乡','nx',15,'410600','0731'),(1366,'望城','wc',15,'410200','0731'),(1367,'浏阳','ly',15,'410300','0731'),(1368,'湘潭','xt',15,'411100','0732'),(1369,'湘潭县','xtx',15,'411200','0732'),(1370,'韶山','ss',15,'411300','0732'),(1371,'湘乡','xx',15,'411400','0732'),(1372,'株洲','zz',15,'412000','0733'),(1373,'株洲县','zzx',15,'412100','0733'),(1374,'攸县','yx',15,'412300','0733'),(1375,'茶陵','cl',15,'412400','0733'),(1376,'醴陵','ll',15,'412200','0733'),(1377,'炎陵','yl',15,'412500','0733'),(1378,'衡阳','hy',15,'421000','0734'),(1379,'衡阳县','hyx',15,'421200','0734'),(1380,'耒阳','ly',15,'421800','0734'),(1381,'常宁','cn',15,'421500','0734'),(1382,'衡南','hn',15,'421100','0734'),(1383,'衡东','hd',15,'421400','0734'),(1384,'衡山','hs',15,'421300','0734'),(1385,'祁东','qd',15,'421600','0734'),(1386,'郴州','cz',15,'423000','0735'),(1387,'资兴','zx',15,'423400','0735'),(1388,'桂东','gd',15,'423500','0735'),(1389,'汝城','rc',15,'424100','0735'),(1390,'临武','lw',15,'424300','0735'),(1391,'嘉禾','jh',15,'424500','0735'),(1392,'安仁','ar',15,'423600','0735'),(1393,'桂阳','gy',15,'424400','0735'),(1394,'永兴','yx',15,'423300','0735'),(1395,'宜章','yz',15,'424200','0735'),(1396,'常德','cd',15,'415100','0736'),(1397,'桃源','ty',15,'425700','0736'),(1398,'汉寿','hs',15,'415900','0736'),(1399,'石门','sm',15,'415300','0736'),(1400,'澧县','lx',15,'425500','0736'),(1401,'津市','js',15,'415400','0736'),(1402,'安乡','ax',15,'415600','0736'),(1403,'临澧','ll',15,'415200','0736'),(1404,'益阳','yy',15,'413000','0737'),(1405,'桃江','tj',15,'413400','0737'),(1406,'安化','ah',15,'413500','0737'),(1407,'南县','nx',15,'413200','0737'),(1408,'沅江','yj',15,'413100','0737'),(1409,'娄底','ld',15,'417000','0738'),(1410,'双峰','sf',15,'411500','0738'),(1411,'冷水江','lsj',15,'417500','0738'),(1412,'新化','xh',15,'417600','0738'),(1413,'涟源','ly',15,'417100','0738'),(1414,'邵阳','sy',15,'422000','0739'),(1415,'邵阳县','syx',15,'422100','0739'),(1416,'新宁','xn',15,'422700','0739'),(1417,'城步','cb',15,'422500','0739'),(1418,'新邵','xs',15,'422900','0739'),(1419,'绥宁','sn',15,'422600','0739'),(1420,'武岗','wg',15,'422400','0739'),(1421,'洞口','dk',15,'422300','0739'),(1422,'邵东','sd',15,'422800','0739'),(1423,'隆回','lh',15,'422200','0739'),(1424,'吉首','js',15,'416000','0743'),(1425,'凤凰','fh',15,'416200','0743'),(1426,'龙山','ls',15,'416800','0743'),(1427,'永顺','ys',15,'416700','0743'),(1428,'保靖','bj',15,'416500','0743'),(1429,'花垣','hy',15,'416400','0743'),(1430,'古丈','gz',15,'416300','0743'),(1431,'泸溪','lx',15,'416100','0743'),(1432,'张家界','zjj',15,'416600','0744'),(1433,'桑植','sz',15,'416900','0744'),(1434,'慈利','cl',15,'415800','0744'),(1435,'怀化','hh',15,'418000','0745'),(1436,'麻阳','my',15,'419400','0745'),(1437,'芷江','zj',15,'419100','0745'),(1438,'黔阳','qy',15,'418100','0745'),(1439,'溆浦','xp',15,'419300','0745'),(1440,'通道','td',15,'418500','0745'),(1441,'靖州','jz',15,'418400','0745'),(1442,'会同','ht',15,'418300','0745'),(1443,'新晃','xh',15,'419200','0745'),(1444,'辰溪','cx',15,'419500','0745'),(1445,'沅陵','yl',15,'419600','0745'),(1446,'洪江','hj',15,'418200','0745'),(1447,'永州','yz',15,'425000','0746'),(1448,'东安','da',15,'425900','0746'),(1449,'祁阳','qy',15,'421700','0746'),(1450,'新田','xt',15,'425700','0746'),(1451,'宁远','ny',15,'425600','0746'),(1452,'蓝山','ls',15,'425800','0746'),(1453,'江华','jh',15,'425500','0746'),(1454,'江永','jy',15,'425400','0746'),(1455,'道县','dx',15,'425300','0746'),(1456,'双牌','sp',15,'425200','0746'),(1457,'广州','gz',8,'510000','020'),(1458,'番禺','fy',8,'511400','020'),(1459,'花县','hx',8,'510800','020'),(1460,'从化','ch',8,'510900','020'),(1461,'增城','zc',8,'511300','020'),(1462,'汕尾','sw',8,'516600','0660'),(1463,'海丰','hf',8,'516400','0660'),(1464,'陆河','lh',8,'516700','0660'),(1465,'陆丰','lf',8,'516500','0660'),(1466,'潮阳','cy',8,'515100','0661'),(1467,'阳江','yj',8,'529500','0662'),(1468,'阳春','yc',8,'529600','0662'),(1469,'阳东','yd',8,'529500','0662'),(1470,'阳西','yx',8,'529800','0662'),(1471,'揭阳','jy',8,'515500','0663'),(1472,'揭东','jd',8,'515500','0663'),(1473,'惠来','hl',8,'515200','0663'),(1474,'揭西','jx',8,'515400','0663'),(1475,'普宁','pn',8,'515300','0663'),(1476,'茂名','mm',8,'525000','0668'),(1477,'化州','hz',8,'525100','0668'),(1478,'高州','gz',8,'525200','0668'),(1479,'信宜','xy',8,'525300','0668'),(1480,'电白','db',8,'525400','0668'),(1481,'江门','jm',8,'529000','0750'),(1482,'台山','ts',8,'529200','0750'),(1483,'开平','kp',8,'529300','0750'),(1484,'恩平','ep',8,'529400','0750'),(1485,'新会','xh',8,'529100','0750'),(1486,'鹤山','hs',8,'529700','0750'),(1487,'韶关','sg',8,'512000','0751'),(1488,'曲江','qj',8,'512100','0751'),(1489,'翁源','wy',8,'512600','0751'),(1490,'新丰','xf',8,'511100','0751'),(1491,'始兴','sx',8,'512500','0751'),(1492,'仁化','rh',8,'512300','0751'),(1493,'南雄','nx',8,'512400','0751'),(1494,'乳源','ry',8,'512700','0751'),(1495,'乐昌','lc',8,'512200','0751'),(1496,'惠州','hz',8,'516000','0752'),(1497,'惠东','hd',8,'526300','0752'),(1498,'惠阳','hy',8,'516200','0752'),(1499,'博罗','bl',8,'516100','0752'),(1500,'龙门','lm',8,'511200','0752'),(1501,'梅州','mz',8,'514000','0753'),(1502,'梅县','mx',8,'514000','0753'),(1503,'蕉岭','jl',8,'514100','0753'),(1504,'大埔','dp',8,'514200','0753'),(1505,'丰顺','fs',8,'514300','0753'),(1506,'五华','wh',8,'514400','0753'),(1507,'兴宁','xn',8,'514500','0753'),(1508,'平远','py',8,'514600','0753'),(1509,'汕头','st',8,'515000','0754'),(1510,'澄海','ch',8,'515800','0754'),(1511,'南澳','na',8,'515900','0754'),(1512,'深圳','sz',8,'518000','0755'),(1513,'宝安','ba',8,'518100','0755'),(1514,'珠海','zh',8,'519000','0756'),(1515,'斗门','dm',8,'519100','0756'),(1516,'佛山','fs',8,'528000','0757'),(1517,'南海','nh',8,'528200','0757'),(1518,'高明','gm',8,'528500','0757'),(1519,'三水','ss',8,'528100','0757'),(1520,'肇庆','zq',8,'526000','0758'),(1521,'高要','gy',8,'526100','0758'),(1522,'四会','sh',8,'526200','0758'),(1523,'怀集','hj',8,'526400','0758'),(1524,'封开','fk',8,'526500','0758'),(1525,'德庆','dq',8,'526600','0758'),(1526,'广宁','gn',8,'526300','0758'),(1527,'湛江','zj',8,'524000','0759'),(1528,'遂溪','sx',8,'524300','0759'),(1529,'廉江','lj',8,'524400','0759'),(1530,'吴川','wc',8,'524500','0759'),(1531,'徐闻','xw',8,'524100','0759'),(1532,'雷州','lz',8,'524200','0759'),(1533,'中山','zs',8,'528400','0760'),(1534,'河源','hy',8,'517000','0762'),(1535,'连平','lp',8,'517100','0762'),(1536,'和平','hp',8,'517200','0762'),(1537,'龙川','lc',8,'517300','0762'),(1538,'紫金','zj',8,'517400','0762'),(1539,'清远','qy',8,'511500','0763'),(1540,'佛冈','fg',8,'511600','0763'),(1541,'英德','yd',8,'513000','0763'),(1542,'连山','ls',8,'513200','0763'),(1543,'阳山','ys',8,'513100','0763'),(1544,'连南','ln',8,'513300','0763'),(1545,'连州','lz',8,'513400','0763'),(1546,'顺德','sd',8,'528300','0765'),(1547,'云浮','yf',8,'527300','0766'),(1548,'罗定','ld',8,'527200','0766'),(1549,'郁南','yn',8,'527100','0766'),(1550,'新兴','xx',8,'527400','0766'),(1551,'潮州','cz',8,'515600','0768'),(1552,'潮安','ca',8,'515600','0768'),(1553,'饶平','rp',8,'515700','0768'),(1554,'东莞','dw',8,'511700','0769'),(1555,'防城港','fcg',9,'535700','0770'),(1556,'上思','ss',9,'535500','0770'),(1557,'南宁','nn',9,'530000','0771'),(1558,'上林','sl',9,'530500','0771'),(1559,'凭祥','px',9,'532600','0771'),(1560,'邕宁','yn',9,'530200','0771'),(1561,'崇左','cz',9,'532200','0771'),(1562,'宁明','nm',9,'532500','0771'),(1563,'武鸣','wm',9,'530100','0771'),(1564,'马山','ms',9,'530600','0771'),(1565,'龙州','lz',9,'532400','0771'),(1566,'宾阳','by',9,'530400','0771'),(1567,'大新','dx',9,'532300','0771'),(1568,'天等','td',9,'532800','0771'),(1569,'横县','hx',9,'530300','0771'),(1570,'隆安','la',9,'532700','0771'),(1571,'扶绥','fs',9,'532100','0771'),(1572,'柳州','lz',9,'545000','0772'),(1573,'柳江','lj',9,'545100','0772'),(1574,'鹿寨','lz',9,'545600','0772'),(1575,'柳城','lc',9,'545200','0772'),(1576,'三江','sj',9,'545500','0772'),(1577,'融安','ra',9,'545400','0772'),(1578,'融冰','rb',9,'545300','0772'),(1579,'金秀','jx',9,'545700','0772'),(1580,'合山','hs',9,'546500','0772'),(1581,'忻城','xc',9,'546200','0772'),(1582,'来宾','lb',9,'546100','0772'),(1583,'武宣','wx',9,'545900','0772'),(1584,'象州','xz',9,'545800','0772'),(1585,'桂林','gl',9,'541000','0773'),(1586,'阳朔','ys',9,'541900','0773'),(1587,'临桂','lg',9,'541100','0773'),(1588,'荔浦','lp',9,'546600','0773'),(1589,'灌阳','gy',9,'541600','0773'),(1590,'平乐','pl',9,'542400','0773'),(1591,'兴安','xa',9,'541300','0773'),(1592,'灵川','lc',9,'541200','0773'),(1593,'全州','qz',9,'541500','0773'),(1594,'永福','yf',9,'541800','0773'),(1595,'龙胜','ls',9,'541700','0773'),(1596,'恭城','gc',9,'542500','0773'),(1597,'资源','zy',9,'541400','0773'),(1598,'梧州','wz',9,'543000','0774'),(1599,'苍梧','cw',9,'543100','0774'),(1600,'藤县','tx',9,'543300','0774'),(1601,'岑溪','cx',9,'543200','0774'),(1602,'昭平','zp',9,'546800','0774'),(1603,'贺县','hx',9,'542800','0774'),(1604,'蒙山','ms',9,'546700','0774'),(1605,'钟山','zs',9,'542600','0774'),(1606,'富川','fc',9,'542700','0774'),(1607,'玉林','yl',9,'537000','0775'),(1608,'容县','rx',9,'537500','0775'),(1609,'北流','bl',9,'537400','0775'),(1610,'陆川','lc',9,'537700','0775'),(1611,'博白','bb',9,'537600','0775'),(1612,'贵港','gg',9,'537100','0775'),(1613,'桂平','gp',9,'537200','0775'),(1614,'平南','pn',9,'537300','0775'),(1615,'百色','bs',9,'533000','0776'),(1616,'田林','tl',9,'533300','0776'),(1617,'隆林','ll',9,'533400','0776'),(1618,'西林','xl',9,'533500','0776'),(1619,'凌云','ly',9,'533100','0776'),(1620,'田阳','ty',9,'533600','0776'),(1621,'靖西','jx',9,'533800','0776'),(1622,'田东','td',9,'531500','0776'),(1623,'乐业','ly',9,'533200','0776'),(1624,'平果','pg',9,'531400','0776'),(1625,'德保','db',9,'533700','0776'),(1626,'那坡','np',9,'533900','0776'),(1627,'钦州','qz',9,'535000','0777'),(1628,'灵山','ls',9,'535400','0777'),(1629,'浦北','pb',9,'535300','0777'),(1630,'河池','hc',9,'547000','0778'),(1631,'宜州','yz',9,'546300','0778'),(1632,'罗城','lc',9,'546400','0778'),(1633,'环江','hj',9,'547100','0778'),(1634,'天峨','te',9,'547300','0778'),(1635,'凤山','fs',9,'547600','0778'),(1636,'东兰','dl',9,'547400','0778'),(1637,'南丹','nd',9,'547200','0778'),(1638,'巴马','bm',9,'547500','0778'),(1639,'都安','da',9,'530700','0778'),(1640,'大化','dh',9,'530800','0778'),(1641,'北海','bh',9,'536000','0779'),(1642,'合浦','hp',9,'536100','0779'),(1643,'新余','xy',18,'336500','0790'),(1644,'分宜','fy',18,'336600','0790'),(1645,'南昌','nc',18,'330000','0791'),(1646,'南昌县','ncx',18,'330200','0791'),(1647,'新建','xj',18,'330100','0791'),(1648,'进贤','jx',18,'331700','0791'),(1649,'安义','ay',18,'330500','0791'),(1650,'九江','jj',18,'332000','0792'),(1651,'九江县','jjx',18,'332100','0792'),(1652,'庐山','ls',18,'332900','0792'),(1653,'修水','xs',18,'322400','0792'),(1654,'湖口','hk',18,'332500','0792'),(1655,'星子','xz',18,'332800','0792'),(1656,'瑞昌','rc',18,'333200','0792'),(1657,'德安','da',18,'330400','0792'),(1658,'彭泽','pz',18,'332700','0792'),(1659,'都昌','dc',18,'332600','0792'),(1660,'永修','yx',18,'330300','0792'),(1661,'武宁','wn',18,'332300','0792'),(1662,'上饶','sr',18,'334000','0793'),(1663,'上饶县','srx',18,'334100','0793'),(1664,'玉山','ys',18,'334700','0793'),(1665,'余干','yg',18,'335100','0793'),(1666,'弋阳','yy',18,'334400','0793'),(1667,'波阳','by',18,'333100','0793'),(1668,'广丰','gf',18,'334600','0793'),(1669,'万年','wn',18,'335500','0793'),(1670,'铅山','qs',18,'334500','0793'),(1671,'横峰','hf',18,'334300','0793'),(1672,'婺源','wy',18,'333200','0793'),(1673,'德兴','dx',18,'334200','0793'),(1674,'抚州','fz',18,'344000','0794'),(1675,'资溪','zx',18,'335300','0794'),(1676,'广昌','gc',18,'344900','0794'),(1677,'东乡','dx',18,'331800','0794'),(1678,'金溪','jx',18,'344800','0794'),(1679,'崇仁','cr',18,'344200','0794'),(1680,'临川','lc',18,'344100','0794'),(1681,'宜黄','yh',18,'344400','0794'),(1682,'尔安','ra',18,'344300','0794'),(1683,'南城','nc',18,'344700','0794'),(1684,'南丰','nf',18,'344500','0794'),(1685,'黎川','lc',18,'344600','0794'),(1686,'宜春','yc',18,'336000','0795'),(1687,'宜丰','yf',18,'336300','0795'),(1688,'上高','sg',18,'336400','0795'),(1689,'奉新','fx',18,'330700','0795'),(1690,'靖安','ja',18,'330600','0795'),(1691,'高安','ga',18,'330800','0795'),(1692,'丰城','fc',18,'331100','0795'),(1693,'樟树','zs',18,'331200','0795'),(1694,'万载','wz',18,'336100','0795'),(1695,'铜鼓','tg',18,'336200','0795'),(1696,'吉安','ja',18,'343000','0796'),(1697,'吉安县','jax',18,'343100','0796'),(1698,'新干','xg',18,'331300','0796'),(1699,'永丰','yf',18,'331500','0796'),(1700,'吉水','js',18,'331600','0796'),(1701,'峡江','xj',18,'331400','0796'),(1702,'泰和','th',18,'343700','0796'),(1703,'万安','wa',18,'343800','0796'),(1704,'遂川','sc',18,'343900','0796'),(1705,'宁冈','ng',18,'343500','0796'),(1706,'永新','yx',18,'343400','0796'),(1707,'井岗山','jgs',18,'343600','0796'),(1708,'安福','af',18,'343200','0796'),(1709,'赣州','gz',18,'341000','0797'),(1710,'瑞金','rj',18,'342500','0797'),(1711,'于都','yd',18,'342300','0797'),(1712,'兴国','xg',18,'342400','0797'),(1713,'宁都','nd',18,'342800','0797'),(1714,'石城','sc',18,'342700','0797'),(1715,'寻乌','xw',18,'342200','0797'),(1716,'南康','nk',18,'341400','0797'),(1717,'赣县','gx',18,'341100','0797'),(1718,'大余','dy',18,'341500','0797'),(1719,'上犹','sy',18,'341200','0797'),(1720,'崇义','cy',18,'341300','0797'),(1721,'信丰','xf',18,'341600','0797'),(1722,'龙南','ln',18,'341700','0797'),(1723,'定南','dn',18,'341900','0797'),(1724,'全南','qn',18,'341800','0797'),(1725,'安远','ay',18,'342100','0797'),(1726,'会昌','hc',18,'342600','0797'),(1727,'景德镇','jdz',18,'333000','0798'),(1728,'乐平','lp',18,'333300','0798'),(1729,'浮梁','fl',18,'333400','0798'),(1730,'萍乡','px',18,'337000','0799'),(1731,'莲花','lh',18,'337100','0799'),(1732,'鹰潭','yt',18,'335000','0701'),(1733,'贵溪','gx',18,'335400','0701'),(1734,'余江','yj',18,'335200','0701'),(1735,'成都','cd',26,'610000','028'),(1736,'温江','wj',26,'611100','028'),(1737,'金堂','jt',26,'610400','028'),(1738,'双流','sl',26,'610200','028'),(1739,'新津','xj',26,'611400','028'),(1740,'蒲江','pj',26,'611600','028'),(1741,'郫县','px',26,'611700','028'),(1742,'新都','xd',26,'610500','028'),(1743,'彭州','pz',26,'611900','028'),(1744,'都江堰','djy',26,'611800','028'),(1745,'崇州','cz',26,'611200','028'),(1746,'大邑','dy',26,'611300','028'),(1747,'邛崃','ql',26,'611500','028'),(1748,'攀枝花','pzh',26,'617000','0812'),(1749,'自贡','zg',26,'643000','0813'),(1750,'富顺','fs',26,'643200','0813'),(1751,'荣县','rx',26,'643100','0813'),(1752,'绵阳','my',26,'621000','0816'),(1753,'平武','pw',26,'622500','0816'),(1754,'安县','ax',26,'622600','0816'),(1755,'江油','jy',26,'621700','0816'),(1756,'梓潼','zt',26,'622100','0816'),(1757,'三台','st',26,'621100','0816'),(1758,'盐亭','yt',26,'621600','0816'),(1759,'南充','nc',26,'637100','0817'),(1760,'西充','xc',26,'637200','0817'),(1761,'南部','nb',26,'637300','0817'),(1762,'阆中','lz',26,'637400','0817'),(1763,'营山','ys',26,'638150','0817'),(1764,'蓬安','pa',26,'638200','0817'),(1765,'仪陇','yl',26,'637600','0817'),(1766,'达川','dc',26,'636400','0818'),(1767,'宣汉','xh',26,'636100','0818'),(1768,'开江','kj',26,'636200','0818'),(1769,'万源','wy',26,'636300','0818'),(1770,'大竹','dz',26,'635100','0818'),(1771,'渠县','qx',26,'635200','0818'),(1772,'遂宁','sn',26,'629000','0825'),(1773,'蓬溪','px',26,'629100','0825'),(1774,'射洪','sh',26,'629200','0825'),(1775,'广安','ga',26,'638000','0826'),(1776,'岳池','yc',26,'638300','0826'),(1777,'武胜','ws',26,'638400','0825'),(1778,'华蓥','hy',26,'638600','0825'),(1779,'邻水','ls',26,'635300','0830'),(1780,'泸州','lz',26,'646000','0830'),(1781,'合江','hj',26,'646200','0830'),(1782,'纳溪','nx',26,'646300','0830'),(1783,'叙永','xy',26,'646400','0830'),(1784,'古蔺','gl',26,'646500','0830'),(1785,'宜宾','yb',26,'644000','0831'),(1786,'南溪','nx',26,'644100','0831'),(1787,'屏山','ps',26,'645300','0831'),(1788,'兴文','xw',26,'644400','0831'),(1789,'长宁','cn',26,'644300','0831'),(1790,'珙县','gx',26,'644500','0831'),(1791,'高县','gx',26,'645100','0831'),(1792,'筠连','jl',26,'645200','0831'),(1793,'江安','ja',26,'644200','0831'),(1794,'内江','nj',26,'641000','0832'),(1795,'资中','zz',26,'641200','0832'),(1796,'资阳','zy',26,'641300','0832'),(1797,'简阳','jy',26,'641400','0832'),(1798,'威远','wy',26,'642400','0832'),(1799,'隆昌','lc',26,'642100','0832'),(1800,'乐至','lz',26,'641500','0832'),(1801,'乐山','ls',26,'614000','0833'),(1802,'峨边','eb',26,'614300','0833'),(1803,'眉山','ms',26,'612100','0833'),(1804,'峨眉山','ems',26,'614200','0833'),(1805,'仁寿','rs',26,'612500','0833'),(1806,'井研','jy',26,'612600','0833'),(1807,'洪雅','hy',26,'612300','0833'),(1808,'沐川','mc',26,'614500','0833'),(1809,'彭山','ps',26,'612700','0833'),(1810,'青神','qs',26,'612400','0833'),(1811,'丹梭','ds',26,'612200','0833'),(1812,'马边','mb',26,'614600','0833'),(1813,'犍为','jw',26,'614400','0833'),(1814,'夹江','jj',26,'614100','0833'),(1815,'金口河','jkh',26,'614700','0833'),(1816,'西昌','xc',26,'615000','0834'),(1817,'雅安','ya',26,'625000','0835'),(1818,'康定','kd',26,'626000','0836'),(1819,'马尔康','mrk',26,'624000','0837'),(1820,'德阳','dy',26,'618200','0838'),(1821,'广汉','gh',26,'618300','0838'),(1822,'什邡','sf',26,'618400','0838'),(1823,'绵竹','mz',26,'618200','0838'),(1824,'中江','zj',26,'618100','0838'),(1825,'广元','gy',26,'628000','0839'),(1826,'剑阁','jg',26,'628300','0839'),(1827,'旺苍','wc',26,'628200','0839'),(1828,'青川','qc',26,'628100','0839'),(1829,'苍溪','cx',26,'628400','0839'),(1830,'璧山','bs',26,'632700','08225'),(1831,'米易','my',26,'617200','08228'),(1832,'盐边','yb',26,'617100','08229'),(1833,'宁南','nn',26,'615400','08241'),(1834,'盐源','yy',26,'615700','08247'),(1835,'平昌','pc',26,'635400','08270'),(1836,'通江','tj',26,'635700','08277'),(1837,'南江','nj',26,'635600','08278'),(1838,'巴中','bz',26,'635500','08279'),(1839,'酉阳','yy',26,'648800','08295'),(1840,'秀山','xs',26,'648900','08296'),(1841,'彭水','ps',26,'648600','08298'),(1842,'理县','lx',26,'623100','08407'),(1843,'昭觉','zj',26,'616100','08411'),(1844,'甘洛','gl',26,'616800','08417'),(1845,'宝兴','bx',26,'625700','08430'),(1846,'石棉','sm',26,'625400','07437'),(1847,'木里','ml',26,'615800','08440'),(1848,'会理','hl',26,'615100','08444'),(1849,'会东','hd',26,'615200','08445'),(1850,'冕宁','mn',26,'615600','08447'),(1851,'越西','yx',26,'616600','08452'),(1852,'雷波','lb',26,'616500','08453'),(1853,'喜德','xd',26,'616700','08455'),(1854,'普格','pg',26,'615300','08456'),(1855,'布拖','bt',26,'616300','08457'),(1856,'金阳','jy',26,'616200','08458'),(1857,'美姑','mg',26,'616400','08459'),(1858,'名山','ms',26,'625100','08461'),(1859,'荥经','yj',26,'625200','08462'),(1860,'汉源','hy',26,'625300','08463'),(1861,'天全','tq',26,'625500','08465'),(1862,'芦山','ls',26,'625600','08466'),(1863,'汶川','wc',26,'623000','08489'),(1864,'松潘','sp',26,'623300','08493'),(1865,'海口','hk',31,'570000','0898'),(1866,'澄迈','cm',31,'571900','0898'),(1867,'安定','ad',31,'571200','0898'),(1868,'文昌','wc',31,'571300','0898'),(1869,'屯昌','tc',31,'571600','0898'),(1870,'琼海','qh',31,'571400','0898'),(1871,'万宁','wn',31,'571500','0898'),(1872,'琼山','qs',31,'571100','0898'),(1873,'三亚','sy',31,'572000','0899'),(1874,'通什','ts',31,'572200','0899'),(1875,'乐东','ld',31,'572500','0899'),(1876,'保亭','bt',31,'572300','0899'),(1877,'陵水','ls',31,'572400','0899'),(1878,'琼中','qz',31,'572900','0899'),(1879,'儋州','dz',31,'571700','0890'),(1880,'白沙','bs',31,'572800','0890'),(1881,'洋浦','yp',31,'578000','0890'),(1882,'东方','df',31,'572600','0890'),(1883,'昌江','cj',31,'572700','0890'),(1884,'临高','lg',31,'571800','0890'),(1885,'贵阳','gy',10,'550000','0851'),(1886,'清镇','qz',10,'551400','0851'),(1887,'修文','xw',10,'550200','0851'),(1888,'息烽','xf',10,'551100','0851'),(1889,'开阳','ky',10,'550300','0851'),(1890,'遵义','zy',10,'563000','0852'),(1891,'赤水','cs',10,'564700','0852'),(1892,'习水','xs',10,'564600','0852'),(1893,'仁怀','rh',10,'564500','0852'),(1894,'遵义县','zyx',10,'563100','0852'),(1895,'桐梓','tz',10,'563200','0852'),(1896,'绥阳','sy',10,'533300','0852'),(1897,'正安','za',10,'563400','0852'),(1898,'道真','dz',10,'563500','0852'),(1899,'湄潭','mt',10,'564100','0852'),(1900,'凤冈','fg',10,'564200','0852'),(1901,'务川','wc',10,'564300','0852'),(1902,'余庆','yq',10,'564400','0852'),(1903,'安顺','as',10,'561000','0853'),(1904,'都匀','dy',10,'558000','0854'),(1905,'凯里','kl',10,'556000','0855'),(1906,'铜仁','tr',10,'564300','0856'),(1907,'毕节','bj',10,'551700','0857'),(1908,'六盘水','lps',10,'553000','0858'),(1909,'兴义','xy',10,'562400','0859'),(1910,'册亨','ch',10,'552200','0859'),(1911,'望谟','wm',10,'552300','0859'),(1912,'安龙','al',10,'552400','0859'),(1913,'兴仁','xr',10,'562300','0859'),(1914,'贞丰','zf',10,'562200','0859'),(1915,'普安','pa',10,'561500','0859'),(1916,'晴隆','ql',10,'561400','0859'),(1917,'平坝','pb',10,'561100','08631'),(1918,'紫云','zy',10,'550800','08632'),(1919,'关岭','gl',10,'561300','08633'),(1920,'镇宁','zn',10,'561200','08634'),(1921,'普定','pd',10,'562100','08635'),(1922,'贵定','gd',10,'551300','08640'),(1923,'福泉','fq',10,'550500','08641'),(1924,'瓮安','wa',10,'550400','08642'),(1925,'三都','sd',10,'558100','08643'),(1926,'荔波','lb',10,'558400','08644'),(1927,'独山','ds',10,'558200','08645'),(1928,'平塘','pt',10,'558300','08646'),(1929,'罗甸','ld',10,'550100','08647'),(1930,'惠水','hs',10,'550600','08648'),(1931,'龙里','ll',10,'551200','08649'),(1932,'榕江','rj',10,'557200','08650'),(1933,'黄平','hp',10,'556100','08651'),(1934,'施秉','sb',10,'556200','08652'),(1935,'镇远','zy',10,'557700','08653'),(1936,'岑巩','cg',10,'557800','08654'),(1937,'三穗','ss',10,'556500','08655'),(1938,'天柱','tz',10,'556600','08656'),(1939,'锦屏','jp',10,'556700','08657'),(1940,'黎平','lp',10,'557300','08658'),(1941,'从江','cj',10,'557400','08659'),(1942,'沿河','yh',10,'565300','08661'),(1943,'松桃','st',10,'554100','08662'),(1944,'万山','ws',10,'554200','08663'),(1945,'玉屏','yp',10,'554000','08664'),(1946,'江口','jk',10,'554400','08665'),(1947,'石阡','sq',10,'555100','08666'),(1948,'思南','sn',10,'565100','08667'),(1949,'印江','yj',10,'555200','08668'),(1950,'德江','dj',10,'565200','08669'),(1951,'长顺','cs',10,'550700','08670'),(1952,'威宁','wn',10,'553100','08671'),(1953,'赫章','hz',10,'553200','08672'),(1954,'纳雍','ny',10,'553300','08673'),(1955,'黔西','qx',10,'551500','08674'),(1956,'大方','df',10,'551600','08675'),(1957,'金沙','js',10,'551800','08676'),(1958,'织金','zj',10,'552100','08677'),(1959,'剑河','jh',10,'556400','08680'),(1960,'六枝','lz',10,'553400','08681'),(1961,'盘县','px',10,'561600','08682'),(1962,'雷山','ls',10,'557100','08686'),(1963,'丹寨','dz',10,'557500','08687'),(1964,'麻江','mj',10,'557600','08688'),(1965,'台江','tj',10,'556300','08689'),(1966,'昭通','zt',29,'657000','0870'),(1967,'镇雄','zx',29,'657200','0870'),(1968,'永善','ys',29,'657300','0870'),(1969,'彝良','yl',29,'657600','0870'),(1970,'大关','dg',29,'657400','0870'),(1971,'威信','wx',29,'657900','0870'),(1972,'盐津','yj',29,'657500','0870'),(1973,'巧家','qj',29,'654600','0870'),(1974,'绥江','sj',29,'657700','0870'),(1975,'鲁甸','ld',29,'657100','0870'),(1976,'水富','sf',29,'657800','0870'),(1977,'昆明','km',29,'650000','0871'),(1978,'富民','fm',29,'650400','0871'),(1979,'嵩明','sm',29,'651700','0871'),(1980,'宜良','yl',29,'652100','0871'),(1981,'呈贡','cg',29,'650500','0871'),(1982,'晋宁','jn',29,'650600','0871'),(1983,'安宁','an',29,'650300','0871'),(1984,'路南','ln',29,'652200','0871'),(1985,'禄劝','lq',29,'651500','0871'),(1986,'大理','dl',29,'671000','0872'),(1987,'鹤庆','hq',29,'671500','0872'),(1988,'剑川','jc',29,'671300','0872'),(1989,'祥云','xy',29,'672100','0872'),(1990,'南涧','nj',29,'675700','0872'),(1991,'宾川','bc',29,'671600','0872'),(1992,'云龙','yl',29,'672700','0872'),(1993,'弥渡','md',29,'675600','0872'),(1994,'洱源','ey',29,'671200','0872'),(1995,'永平','yp',29,'672600','0872'),(1996,'巍山','ws',29,'672400','0872'),(1997,'漾濞','yb',29,'672500','0872'),(1998,'个旧','gj',29,'661400','0873'),(1999,'石屏','sp',29,'662200','0873'),(2000,'弥勒','ml',29,'652300','0873'),(2001,'红河','hh',29,'654400','0873'),(2002,'开远','ky',29,'661000','0873'),(2003,'蒙自','mz',29,'661100','0873'),(2004,'建水','js',29,'654300','0873'),(2005,'河口','hk',29,'661300','0873'),(2006,'泸西','lx',29,'652400','0873'),(2007,'金平','jp',29,'661500','0873'),(2008,'绿春','lc',29,'662500','0873'),(2009,'元阳','yy',29,'662400','0873'),(2010,'屏边','pb',29,'661200','0873'),(2011,'曲靖','qj',29,'655000','0874'),(2012,'寻甸','xd',29,'655200','0874'),(2013,'马龙','ml',29,'655100','0874'),(2014,'会泽','hz',29,'654200','0874'),(2015,'师宗','sz',29,'655700','0874'),(2016,'陆良','ll',29,'655600','0874'),(2017,'富源','fy',29,'655500','0874'),(2018,'宣威','xw',29,'665400','0874'),(2019,'罗平','lp',29,'665800','0874'),(2020,'保山','bs',29,'678000','0875'),(2021,'腾冲','tc',29,'679100','0875'),(2022,'昌宁','cn',29,'678100','0875'),(2023,'龙陵','ll',29,'678300','0875'),(2024,'施甸','sd',29,'678200','0875'),(2025,'文山','ws',29,'663000','0876'),(2026,'砚山','ys',29,'663100','0876'),(2027,'丘北','qb',29,'663200','0876'),(2028,'广南','gn',29,'663300','0876'),(2029,'马关','mg',29,'663700','0876'),(2030,'富宁','fn',29,'663400','0876'),(2031,'西畴','xc',29,'663500','0876'),(2032,'麻栗坡','mlp',29,'663600','0876'),(2033,'玉溪','yx',29,'653100','0877'),(2034,'华宁','hn',29,'652800','0877'),(2035,'江川','jc',29,'652600','0877'),(2036,'新平','xp',29,'653400','0877'),(2037,'元江','yj',29,'653300','0877'),(2038,'通海','th',29,'652700','0877'),(2039,'易门','ym',29,'651100','0877'),(2040,'澄江','cj',29,'652500','0877'),(2041,'峨山','es',29,'653200','0877'),(2042,'楚雄','cx',29,'675000','0878'),(2043,'禄丰','lf',29,'651200','0878'),(2044,'牟定','md',29,'675500','0878'),(2045,'大姚','dy',29,'675400','0878'),(2046,'永仁','yr',29,'651400','0878'),(2047,'南华','nh',29,'675200','0878'),(2048,'姚安','ya',29,'675300','0878'),(2049,'元谋','ym',29,'651300','0878'),(2050,'双柏','sb',29,'675100','0878'),(2051,'武定','wd',29,'651600','0878'),(2052,'思茅','sm',29,'665000','0879'),(2053,'普洱','pe',29,'665100','0879'),(2054,'墨江','mj',29,'654800','0879'),(2055,'景谷','jg',29,'666400','0879'),(2056,'景东','jd',29,'676200','0879'),(2057,'澜沧','lc',29,'665600','0879'),(2058,'西盟','xm',29,'665700','0879'),(2059,'江城','jc',29,'665900','0879'),(2060,'镇沅','zy',29,'666500','0879'),(2061,'孟连','ml',29,'665800','0879'),(2062,'东川','dc',29,'654100','0881'),(2063,'临沧','lc',29,'677000','0883'),(2064,'耿马','gm',29,'677500','0883'),(2065,'镇康','zk',29,'677700','0883'),(2066,'沧源','cy',29,'677400','0883'),(2067,'永德','yd',29,'677600','0883'),(2068,'凤庆','fq',29,'675900','0883'),(2069,'云县','yx',29,'675800','0883'),(2070,'双江','sj',29,'677300','0883'),(2071,'六库','lk',29,'673100','0886'),(2072,'泸水','ls',29,'673200','0886'),(2073,'福贡','fg',29,'673400','0886'),(2074,'贡山','gs',29,'673500','0886'),(2075,'兰坪','lp',29,'671400','0886'),(2076,'中甸','zd',29,'674400','0887'),(2077,'维西','wx',29,'674600','0887'),(2078,'德钦','dq',29,'674500','0887'),(2079,'丽江','lj',29,'674100','0888'),(2080,'宁蒗','nl',29,'674300','0888'),(2081,'华坪','hp',29,'617300','0888'),(2082,'永胜','ys',29,'674200','0888'),(2083,'景洪','jh',29,'666100','0691'),(2084,'孟海','mh',29,'666200','0691'),(2085,'孟腊','ml',29,'666300','0691'),(2086,'潞西','lx',29,'678400','0692'),(2087,'畹町','wt',29,'678500','0692'),(2088,'瑞丽','rl',29,'678600','0692'),(2089,'陇川','lc',29,'678700','0692'),(2090,'盈江','yj',29,'679300','0692'),(2091,'梁河','lh',29,'679200','0692'),(2092,'拉萨','ls',27,'850000','0891'),(2093,'日喀则','rkz',27,'857000','0892'),(2094,'林芝','lz',27,'850400','0894'),(2095,'昌都','cd',27,'854000','0895'),(2096,'堆龙德庆','dldq',27,'851400','08015'),(2097,'曲水','qs',27,'850600','08016'),(2098,'尼木','nm',27,'851300','08017'),(2099,'仁布','rb',27,'857200','08018'),(2100,'扎囊','zn',27,'850800','08040'),(2101,'贡嘎','gg',27,'850700','08049'),(2102,'江达','jd',27,'854100','08051'),(2103,'芒康','mk',27,'854500','08054'),(2104,'八宿','bs',27,'854600','08056'),(2105,'洛隆','ll',27,'855400','08057'),(2106,'丁青','dq',27,'855700','08059'),(2107,'巴青','bq',27,'852100','08061'),(2108,'比如','br',27,'852300','08062'),(2109,'那曲','nq',27,'852000','0896'),(2110,'班戈','bg',27,'852500','08067'),(2111,'措勤','cq',27,'859300','08069'),(2112,'阿里','al',27,'859000','08073'),(2113,'索县','sx',27,'852200','08078'),(2114,'尼玛','nm',27,'852600','08081'),(2115,'山南','sn',27,'852000','0893'),(2116,'合阳','hy',25,'715300','0913'),(2117,'蒲城','pc',25,'715500','0913'),(2118,'韩城','hc',25,'715400','0913'),(2119,'富平','fp',25,'711700','0913'),(2120,'潼关','tg',25,'714300','0913'),(2121,'华阴','hy',25,'714200','0913'),(2122,'大荔','dl',25,'715100','0913'),(2123,'华县','hx',25,'714100','0913'),(2124,'渭南','wn',25,'714000','0913'),(2125,'榆林','yl',25,'719000','0912'),(2126,'富县','fx',25,'727500','0911'),(2127,'安塞','as',25,'717400','0911'),(2128,'甘泉','gq',25,'716100','0911'),(2129,'志丹','zd',25,'717500','0911'),(2130,'洛川','lc',25,'727400','0911'),(2131,'宜川','yc',25,'716200','0911'),(2132,'黄龙','hl',25,'715700','0911'),(2133,'吴旗','wq',25,'717600','0911'),(2134,'延长','yc',25,'717100','0911'),(2135,'子长','zc',25,'717300','0911'),(2136,'延川','yc',25,'717200','0911'),(2137,'黄陵','hl',25,'727300','0911'),(2138,'延安','ya',25,'716000','0911'),(2139,'彬县','bx',25,'713500','0910'),(2140,'乾县','qx',25,'713300','0910'),(2141,'礼泉','lq',25,'713200','0910'),(2142,'泾阳','jy',25,'713700','0910'),(2143,'三原','sy',25,'713800','0910'),(2144,'淳化','ch',25,'711200','0910'),(2145,'旬邑','xy',25,'711300','0910'),(2146,'兴平','xp',25,'713100','0910'),(2147,'永寿','ys',25,'713400','0910'),(2148,'长武','cw',25,'713600','0910'),(2149,'武功','wg',25,'712200','0910'),(2150,'咸阳','xy',25,'712000','0910'),(2151,'长安','ca',25,'710100','029'),(2152,'临潼','lt',25,'710600','029'),(2153,'蓝田','lt',25,'710500','029'),(2154,'周至','zz',25,'710400','029'),(2155,'户县','hx',25,'710300','029'),(2156,'高陵','gl',25,'710200','029'),(2157,'西安','xa',25,'710000','029'),(2158,'商南','sn',25,'726300','0914'),(2159,'略阳','ly',25,'724300','0916'),(2160,'宁强','nq',25,'724400','0916'),(2161,'佛坪','fp',25,'723400','0916'),(2162,'留坝','lb',25,'724100','0916'),(2163,'白河','bh',25,'725800','0915'),(2164,'镇坪','zp',25,'725600','0915'),(2165,'山阳','sy',25,'726400','09244'),(2166,'镇安','za',25,'711500','09243'),(2167,'柞水','zs',25,'711400','09242'),(2168,'清涧','qj',25,'718300','09240'),(2169,'神木','sm',25,'719300','09229'),(2170,'靖边','jb',25,'718500','09228'),(2171,'定边','db',25,'718600','09227'),(2172,'绥德','sd',25,'718000','09226'),(2173,'米脂','mz',25,'718100','09225'),(2174,'横山','hs',25,'719100','09224'),(2175,'府谷','fg',25,'719400','09223'),(2176,'佳县','jx',25,'719200','09222'),(2177,'子洲','zz',25,'718400','09221'),(2178,'吴堡','wb',25,'718200','09220'),(2179,'宜君','yj',25,'727200','0919'),(2180,'耀县','yx',25,'727100','0919'),(2181,'铜川','tc',25,'727000','0919'),(2182,'麟游','ly',25,'721500','0917'),(2183,'太白','tb',25,'721600','0917'),(2184,'千阳','qy',25,'721100','0917'),(2185,'陇县','lx',25,'721200','0917'),(2186,'凤县','fx',25,'721700','0917'),(2187,'眉县','mx',25,'722300','0917'),(2188,'扶风','ff',25,'722200','0917'),(2189,'岐山','qs',25,'722400','0917'),(2190,'凤翔','fx',25,'721400','0917'),(2191,'宝鸡县','bjx',25,'721300','0917'),(2192,'宝鸡','bj',25,'721000','0917'),(2193,'勉县','mx',25,'724200','0916'),(2194,'镇巴','zb',25,'713600','0916'),(2195,'西乡','xx',25,'723500','0916'),(2196,'洋县','yx',25,'723300','0916'),(2197,'城固','cg',25,'723200','0916'),(2198,'南郑','nz',25,'723100','0916'),(2199,'汉中','hz',25,'723000','0916'),(2200,'紫阳','zy',25,'725300','0915'),(2201,'平利','pl',25,'725500','0915'),(2202,'石泉','sq',25,'725200','0915'),(2203,'旬阳','xy',25,'725700','0915'),(2204,'汉阴','hy',25,'725100','0915'),(2205,'宁陕','ns',25,'711600','0915'),(2206,'岚皋','lg',25,'725400','0915'),(2207,'安康','ak',25,'725000','0915'),(2208,'洛南','ln',25,'726100','0914'),(2209,'丹凤','df',25,'726200','0914'),(2210,'商州','sz',25,'726000','0914'),(2211,'澄城','cc',25,'715200','0913'),(2212,'白水','bs',25,'715600','0913'),(2213,'临夏市','lxs',7,'731100','0930'),(2214,'兰州','lz',7,'730000','0931'),(2215,'红古区','hgq',7,'730000','0931'),(2216,'皋兰','gl',7,'730200','0931'),(2217,'榆中','yz',7,'730100','0931'),(2218,'永登','yd',7,'730300','0931'),(2219,'定西','dx',7,'743000','0932'),(2220,'静宁','jn',7,'743400','0933'),(2221,'泾川','jc',7,'744300','0933'),(2222,'灵台','lt',7,'744400','0933'),(2223,'崇信','cx',7,'744200','0933'),(2224,'华亭','ht',7,'744100','0993'),(2225,'庄浪','zl',7,'741700','0993'),(2226,'西峰','xf',7,'745000','0934'),(2227,'金昌','jc',7,'733000','0935'),(2228,'民勤','mq',7,'733300','0935'),(2229,'天祝','tz',7,'733200','0935'),(2230,'古浪','gl',7,'733100','0935'),(2231,'金川','jc',7,'737100','0935'),(2232,'永昌','yc',7,'737200','0935'),(2233,'张掖','zy',7,'734000','0936'),(2234,'山丹','sd',7,'734100','0936'),(2235,'高台','gt',7,'734300','0936'),(2236,'民乐','ml',7,'734500','0936'),(2237,'临泽','lz',7,'734200','0936'),(2238,'萧南','xn',7,'734400','0936'),(2239,'酒泉','jq',7,'735000','0937'),(2240,'玉门','ym',7,'735200','0937'),(2241,'安西','ax',7,'736100','0937'),(2242,'敦煌','dh',7,'736200','0937'),(2243,'金塔','jt',7,'735300','0937'),(2244,'阿克塞','aks',7,'736400','0937'),(2245,'嘉峪关','jyg',7,'735100','0937'),(2246,'肃北','sb',7,'736300','0937'),(2247,'天水','ts',7,'741000','0938'),(2248,'甘谷','gg',7,'741200','0938'),(2249,'武山','ws',7,'741300','0938'),(2250,'秦安','qa',7,'741600','0938'),(2251,'张家川','zjc',7,'741500','0938'),(2252,'清水','qs',7,'741400','0938'),(2253,'武都','wd',7,'746000','0939'),(2254,'白银','by',7,'730900','0943'),(2255,'靖远','jy',7,'730600','0943'),(2256,'平凉','pl',7,'744000','0943'),(2257,'景泰','jt',7,'730400','0943'),(2258,'会宁','hn',7,'743200','0943'),(2259,'临夏县','lxx',7,'731800','09401'),(2260,'永靖','yj',7,'731600','09402'),(2261,'和政','hz',7,'731200','09403'),(2262,'东乡','dx',7,'731400','09404'),(2263,'康乐','kl',7,'731500','09405'),(2264,'广河','gh',7,'731300','09406'),(2265,'积石山','jss',7,'731700','09407'),(2266,'甘南州','gnz',7,'747000','09411'),(2267,'夏河','xh',7,'747100','09412'),(2268,'临潭','lt',7,'747500','09413'),(2269,'舟曲','zq',7,'746300','09414'),(2270,'碌曲','lq',7,'747200','09415'),(2271,'玛曲','mq',7,'747300','09416'),(2272,'旧尼','jn',7,'747600','09417'),(2273,'迭部','db',7,'747400','09418'),(2274,'陇西','lx',7,'748100','09421'),(2275,'漳县','zx',7,'748300','09422'),(2276,'通渭','tw',7,'743300','09423'),(2277,'岷县','mx',7,'748400','09424'),(2278,'临洮','lt',7,'730500','09425'),(2279,'渭源','wy',7,'748200','09426'),(2280,'庆阳','qy',7,'745100','09441'),(2281,'宁县','nx',7,'745200','09442'),(2282,'镇原','zy',7,'744500','09443'),(2283,'环县','hx',7,'745700','09444'),(2284,'合水','hs',7,'745400','09445'),(2285,'正宁','zn',7,'745300','09446'),(2286,'华池','hc',7,'745600','09447'),(2287,'成县','cx',7,'742500','09491'),(2288,'康县','kx',7,'746500','09492'),(2289,'文县','wx',7,'746400','09493'),(2290,'宕昌','dc',7,'748500','09494'),(2291,'西和','xh',7,'742100','09495'),(2292,'礼县','lx',7,'742200','09496'),(2293,'徽县','hx',7,'742300','09497'),(2294,'两当','ld',7,'742400','09498'),(2295,'海晏','hy',22,'812200','0970'),(2296,'西宁','xn',22,'810000','0971'),(2297,'大通','dt',22,'810100','0971'),(2298,'乐都','ld',22,'810700','0972'),(2299,'湟中','hz',22,'811600','0972'),(2300,'互助','hz',22,'810500','0972'),(2301,'湟源','hy',22,'812100','0972'),(2302,'民和','mh',22,'810800','0972'),(2303,'循化','xh',22,'811100','0972'),(2304,'化隆','hl',22,'810900','0972'),(2305,'同仁','tr',22,'811300','0973'),(2306,'共和','gh',22,'813000','0974'),(2307,'玛沁','mq',22,'814000','0975'),(2308,'玉树','ys',22,'815000','0976'),(2309,'德令哈','dlh',22,'817000','0977'),(2310,'门源','my',22,'810300','0978'),(2311,'格尔木','grm',22,'816000','0979'),(2312,'河南','hn',22,'811500','09820'),(2313,'尖扎','jz',22,'811200','09828'),(2314,'泽库','zk',22,'811400','09828'),(2315,'乌兰','wl',22,'817100','09831'),(2316,'都兰','dl',22,'816100','09832'),(2317,'天峻','tj',22,'817200','09833'),(2318,'治多','zd',22,'815400','09834'),(2319,'称多','cd',22,'815100','09835'),(2320,'囊谦','nq',22,'815200','09836'),(2321,'杂多','zd',22,'815300','09837'),(2322,'曲麻莱','qml',22,'815500','09838'),(2323,'龙羊峡','lyx',22,'811800','09839'),(2324,'茫崖','my',22,'817500','09840'),(2325,'贵德','gd',22,'811700','09841'),(2326,'贵南','gn',22,'813100','09842'),(2327,'兴海','xh',22,'813300','09843'),(2328,'同德','td',22,'813200','09844'),(2329,'祁连','ql',22,'810400','09846'),(2330,'刚察','gc',22,'812300','09847'),(2331,'大柴旦','dcd',22,'817300','09848'),(2332,'冷湖','lh',22,'817400','09849'),(2333,'达日','dr',22,'814200','09851'),(2334,'玛多','md',22,'813500','09852'),(2335,'班玛','bm',22,'814300','09853'),(2336,'甘德','gd',22,'814100','09854'),(2337,'银川','yc',21,'750000','0951'),(2338,'贺兰','hl',21,'750200','0951'),(2339,'永宁','yn',21,'750100','0951'),(2340,'石嘴山','szs',21,'753000','0952'),(2341,'平罗','pl',21,'753400','0952'),(2342,'惠农','hn',21,'753600','0952'),(2343,'陶乐','tl',21,'753500','0952'),(2344,'吴忠','wz',21,'751100','0953'),(2345,'中宁','zn',21,'751200','0953'),(2346,'中卫','zw',21,'751700','0953'),(2347,'青铜峡','qtx',21,'751600','0953'),(2348,'灵武','lw',21,'751400','0953'),(2349,'同心','tx',21,'751300','0953'),(2350,'盐池','yc',21,'751500','0953'),(2351,'固原','gy',21,'756000','0954'),(2352,'海原','hy',21,'756100','0954'),(2353,'西吉','xj',21,'756200','0954'),(2354,'隆德','ld',21,'756300','0954'),(2355,'泾源','jy',21,'756400','0954'),(2356,'彭阳','py',21,'756500','0954'),(2357,'塔城','tc',28,'834700','0901'),(2358,'额敏','em',28,'834600','0901'),(2359,'裕民','ym',28,'834800','0901'),(2360,'托里','tl',28,'834500','0901'),(2361,'哈密','hm',28,'839000','0902'),(2362,'马里坤','mlk',28,'839200','0902'),(2363,'伊吾','yw',28,'839300','0902'),(2364,'和田','ht',28,'848000','0903'),(2365,'皮山','ps',28,'845100','0903'),(2366,'墨玉','my',28,'848100','0903'),(2367,'洛浦','lp',28,'848200','0903'),(2368,'策勒','cl',28,'848300','0903'),(2369,'于田','yt',28,'848400','0903'),(2370,'民丰','mf',28,'848500','0903'),(2371,'阿勒泰','alt',28,'836500','0906'),(2372,'青河','qh',28,'836200','0906'),(2373,'布尔律','brl',28,'836600','0906'),(2374,'哈巴河','hbh',28,'836700','0906'),(2375,'富蕴','fy',28,'836100','0906'),(2376,'福海','fh',28,'836400','0906'),(2377,'吉木乃','jmn',28,'836800','0906'),(2378,'阿图什','ats',28,'845300','0908'),(2379,'乌恰','wq',28,'845400','0908'),(2380,'阿克陶','akt',28,'845500','0908'),(2381,'博乐','bl',28,'833400','0909'),(2382,'精河','jh',28,'833300','0909'),(2383,'温泉','wq',28,'833500','0909'),(2384,'克拉玛依','klmy',28,'834000','0990'),(2385,'布克赛尔','bksr',28,'834000','0990'),(2386,'乌鲁木齐','wlmq',28,'830000','0991'),(2387,'奎屯','kt',28,'833200','0992'),(2388,'乌苏','ws',28,'833000','0992'),(2389,'石河子','shz',28,'832000','0993'),(2390,'沙湾','sw',28,'832100','0993'),(2391,'昌吉','cj',28,'831100','0994'),(2392,'奇台','qt',28,'831800','0994'),(2393,'米泉','mq',28,'831400','0994'),(2394,'呼图壁','htb',28,'831200','0994'),(2395,'玛纳斯','mns',28,'832200','0994'),(2396,'吉木萨尔','jmsr',28,'831700','0994'),(2397,'阜康','fk',28,'831500','0994'),(2398,'木垒','ml',28,'831900','0994'),(2399,'吐鲁番','tlf',28,'838000','0995'),(2400,'鄯善','ss',28,'838200','0995'),(2401,'托克逊','tkx',28,'838100','0995'),(2402,'库尔勒','krl',28,'841000','0996'),(2403,'焉耆','yq',28,'841100','0996'),(2404,'博湖','bh',28,'841400','0996'),(2405,'轮台','lt',28,'841600','0996'),(2406,'和静','hj',28,'841300','0996'),(2407,'和硕','hs',28,'841200','0996'),(2408,'若羌','rq',28,'841800','0996'),(2409,'尉犁','wl',28,'841500','0996'),(2410,'且末','qm',28,'841900','0996'),(2411,'阿克苏','aks',28,'843000','0997'),(2412,'库车','kc',28,'842000','0997'),(2413,'新和','xh',28,'842100','0997'),(2414,'沙雅','sy',28,'842200','0997'),(2415,'拜城','bc',28,'842300','0997'),(2416,'温宿','ws',28,'843100','0997'),(2417,'乌什','ws',28,'843400','0997'),(2418,'阿拉尔','alr',28,'843300','0997'),(2419,'阿瓦提','awt',28,'843200','0997'),(2420,'柯坪','kp',28,'843600','0997'),(2421,'阿合奇','ahq',28,'843500','0997'),(2422,'咯什','ls',28,'844000','0998'),(2423,'疏附','sf',28,'844100','0998'),(2424,'伽师','js',28,'844300','0998'),(2425,'巴楚','bc',28,'843800','0998'),(2426,'麦盖提','mgt',28,'844600','0998'),(2427,'叶城','yc',28,'844900','0998'),(2428,'泽普','zp',28,'844800','0998'),(2429,'莎车','sc',28,'844700','0998'),(2430,'岳普湖','yph',28,'844400','0998'),(2431,'英吉沙','yjs',28,'844500','0998'),(2432,'塔什库尔干','tskrg',28,'845200','0999'),(2433,'疏勒','sl',28,'844200','0999'),(2434,'伊宁','yn',28,'835000','0999'),(2435,'察布查尔','cbcr',28,'835300','0999'),(2436,'霍城','hc',28,'835200','0999'),(2437,'新源','xy',28,'835800','0999'),(2438,'巩留','gl',28,'835400','0999'),(2439,'尼勒克','nlk',28,'835700','0999'),(2440,'特克斯','tks',28,'835500','0999'),(2441,'昭苏','zs',28,'835600','0999'),(2442,'阿莲','al',33,'000822','886'),(2443,'安定','ad',33,'000745','887'),(2444,'安平','ap',33,'000708','888'),(2445,'八德','bd',33,'000334','889'),(2446,'八里','bl',33,'000249','890'),(2447,'白河','bh',33,'000732','891'),(2448,'白沙','bs',33,'000884','892'),(2449,'板桥','bq',33,'000220','893'),(2450,'褒忠','bz',33,'000634','894'),(2451,'宝山','bs',33,'000308','895'),(2452,'卑南','bn',33,'000931','896'),(2453,'北斗','bd',33,'000521','897'),(2454,'北港','bg',33,'000651','898'),(2455,'北门','bm',33,'000727','899'),(2456,'北埔','bp',33,'000314','900'),(2457,'北投','bt',33,'000112','901'),(2458,'补子','bz',33,'000613','902'),(2459,'布袋','bd',33,'000739','903'),(2460,'草屯','ct',33,'000542','904'),(2461,'长宾','cb',33,'000937','905'),(2462,'长治','cz',33,'000905','906'),(2463,'潮州','cz',33,'000910','907'),(2464,'车城','cc',33,'000923','908'),(2465,'城中区','czq',33,'000100','909'),(2466,'成功','cg',33,'000936','910'),(2467,'池上','cs',33,'000934','911'),(2468,'春日','cr',33,'000920','912'),(2469,'刺桐','ct',33,'000647','913');

/*Table structure for table `b_province` */

DROP TABLE IF EXISTS `b_province`;

CREATE TABLE `b_province` (
  `id` int(11) NOT NULL auto_increment,
  `name` varchar(100) default NULL,
  `pycode` varchar(50) default NULL,
  PRIMARY KEY  (`id`)
) ENGINE=InnoDB AUTO_INCREMENT=34 DEFAULT CHARSET=gb2312;

/*Data for the table `b_province` */

insert  into `b_province`(`id`,`name`,`pycode`) values (1,'北京市','bjs'),(2,'上海市','shs'),(3,'天津市','tjs'),(4,'重庆市','cqs'),(5,'安徽省','ahs'),(6,'福建省','fjs'),(7,'甘肃省','gss'),(8,'广东省','gds'),(9,'广西','gx'),(10,'贵州省','gzs'),(11,'河北省','hbs'),(12,'河南省','hns'),(13,'黑龙江省','hljs'),(14,'湖北省','hbs'),(15,'湖南省','hns'),(16,'吉林省','jls'),(17,'江苏省','jss'),(18,'江西省','jxs'),(19,'辽宁省','lns'),(20,'内蒙古','nmg'),(21,'宁夏','nx'),(22,'青海省','qhs'),(23,'山东省','sds'),(24,'山西省','sxs'),(25,'陕西省','sxs'),(26,'四川省','scs'),(27,'西藏','xz'),(28,'新疆','xj'),(29,'云南省','yns'),(30,'浙江省','zjs'),(31,'海南省','hls'),(32,'香港','xg'),(33,'台湾省','tys');

/*Table structure for table `c_company` */

DROP TABLE IF EXISTS `c_company`;

CREATE TABLE `c_company` (
  `id` int(11) NOT NULL auto_increment,
  `code` varchar(50) default NULL,
  `name` varchar(100) NOT NULL,
  `pycode` varchar(100) default NULL,
  `grade` varchar(100) default NULL,
  `regionName` varchar(100) default NULL,
  `source` varchar(100) default NULL,
  `trade` varchar(100) default NULL,
  `scale` varchar(100) default NULL,
  `province` varchar(50) default NULL,
  `city` varchar(50) default NULL,
  `postcode` varchar(50) default NULL,
  `address` varchar(200) default NULL,
  `email` varchar(100) default NULL,
  `web` varchar(200) default NULL,
  `tel1` varchar(50) default NULL,
  `fax` varchar(50) default NULL,
  `mobile` varchar(50) default NULL,
  `tel2` varchar(50) default NULL,
  `nextTouchDate` date default NULL,
  `quality` varchar(100) default NULL,
  `remark` text,
  `dealin` varchar(100) default NULL,
  `kind` varchar(100) default NULL,
  `artificialPerson` varchar(50) default NULL,
  `registeMoney` varchar(50) default NULL,
  `bank` varchar(100) default NULL,
  `account` varchar(100) default NULL,
  `taxCode` varchar(100) default NULL,
  `creater` varchar(50) default NULL,
  `createTime` varchar(19) default NULL,
  `updater` varchar(50) default NULL,
  `updateTime` varchar(19) default NULL,
  `ownerUser` int(11) NOT NULL,
  `dispensePerson` varchar(50) default NULL,
  `dispenseDate` varchar(19) default NULL,
  `shareFlag` char(1) default NULL,
  `shareIds` varchar(500) default NULL,
  PRIMARY KEY  (`id`),
  KEY `c_company_ibfk_2` (`ownerUser`),
  CONSTRAINT `c_company_ibfk_2` FOREIGN KEY (`ownerUser`) REFERENCES `sys_user` (`id`)
) ENGINE=InnoDB AUTO_INCREMENT=6 DEFAULT CHARSET=gb2312;

/*Data for the table `c_company` */

insert  into `c_company`(`id`,`code`,`name`,`pycode`,`grade`,`regionName`,`source`,`trade`,`scale`,`province`,`city`,`postcode`,`address`,`email`,`web`,`tel1`,`fax`,`mobile`,`tel2`,`nextTouchDate`,`quality`,`remark`,`dealin`,`kind`,`artificialPerson`,`registeMoney`,`bank`,`account`,`taxCode`,`creater`,`createTime`,`updater`,`updateTime`,`ownerUser`,`dispensePerson`,`dispenseDate`,`shareFlag`,`shareIds`) values (2,'C-20110224-001','北京长城','bjzc','重要客户','东北','','','','西藏','昌都','','','','','','','','','2011-02-28','','','','','','','','','','系统管理员','2011-02-24 21:16:46','系统管理员','2011-02-24 23:16:37',8,'系统管理员','2011-02-24 21:16:46','Y','#10#9#'),(3,'C-20110224-002','北京用友','bjyy','潜在客户','华东','报刊杂志','服饰','100至300人','新疆','','','','','','','','','','2011-02-28','客户','','','','','','','','','系统管理员','2011-02-24 21:18:06','系统管理员','2011-02-24 21:18:06',9,'王东','2011-02-24 21:18:06','N',NULL),(4,'C-20110224-005','北京金山','bjjs','放弃客户','华中','','','','西藏','林芝','','','','','','','','','2011-02-28','','','','','','','','','','系统管理员','2011-02-24 22:34:05','系统管理员','2011-02-24 22:54:26',8,'系统管理员','2011-02-24 22:34:05','N',NULL),(5,'C-20110224-024','北京新三友','bjxsy','签约客户','华北','报刊杂志','玩具','100至300人','西藏','昌都','','','','','','','','','2011-02-26','合作伙伴','xxxxxxxxxxxxx','电子/电器/半导体/仪器仪表','民营企业','','','','','','系统管理员','2011-02-24 22:29:51','系统管理员','2011-02-24 22:29:51',8,'系统管理员','2011-02-24 22:29:51','N',NULL);

/*Table structure for table `sys_code_rule` */

DROP TABLE IF EXISTS `sys_code_rule`;

CREATE TABLE `sys_code_rule` (
  `id` int(11) NOT NULL auto_increment,
  `module` varchar(20) default NULL,
  `areaPrefix` varchar(20) default NULL,
  `areaTime` varchar(20) default NULL,
  `glideBit` int(11) default NULL,
  `currentCode` varchar(50) default NULL,
  `tabName` varchar(50) default NULL,
  `available` char(10) default NULL,
  `nextseq` varchar(20) default NULL,
  `curDate` varchar(10) default NULL,
  PRIMARY KEY  (`id`)
) ENGINE=InnoDB AUTO_INCREMENT=3 DEFAULT CHARSET=gb2312;

/*Data for the table `sys_code_rule` */

insert  into `sys_code_rule`(`id`,`module`,`areaPrefix`,`areaTime`,`glideBit`,`currentCode`,`tabName`,`available`,`nextseq`,`curDate`) values (1,'客户资料','C','yyyyMMdd',3,'C-20071015-001','c_company','N','025','20110224'),(2,'联系人','MAN','yyyyMMdd',3,'MAN-20071015-001','c_company_linkman','Y','001','2010-09-01');

/*Table structure for table `sys_dictionary_detail` */

DROP TABLE IF EXISTS `sys_dictionary_detail`;

CREATE TABLE `sys_dictionary_detail` (
  `id` int(11) NOT NULL auto_increment,
  `sort` int(11) default NULL,
  `remark` text,
  `pid` int(11) default NULL,
  `value` varchar(200) default NULL,
  `sysFlag` char(1) default NULL,
  PRIMARY KEY  (`id`),
  KEY `sys_dictionary_detail_ibfk_1` (`pid`),
  CONSTRAINT `sys_dictionary_detail_ibfk_1` FOREIGN KEY (`pid`) REFERENCES `sys_dictionary_type` (`id`) ON DELETE CASCADE
) ENGINE=InnoDB AUTO_INCREMENT=94 DEFAULT CHARSET=gb2312;

/*Data for the table `sys_dictionary_detail` */

insert  into `sys_dictionary_detail`(`id`,`sort`,`remark`,`pid`,`value`,`sysFlag`) values (1,1,NULL,1,'机械及工业制品','N'),(2,2,NULL,1,'化工','N'),(3,3,NULL,1,'商业服务','N'),(4,4,NULL,1,'农业','N'),(5,5,NULL,1,'电子电工','N'),(6,6,NULL,1,'纺织、皮革','N'),(7,7,NULL,1,'家居用品','N'),(8,8,NULL,1,'建材、房地产','N'),(9,9,NULL,1,'食品、饮料','N'),(10,10,NULL,1,'服饰','N'),(11,11,NULL,1,'礼品、工艺品','N'),(12,12,NULL,1,'电脑、软件','N'),(13,13,NULL,1,'冶金矿产','N'),(14,14,NULL,1,'包装、纸','N'),(15,15,NULL,1,'办公文教及光仪','N'),(16,16,NULL,1,'医药、保养','N'),(17,17,NULL,1,'运动、休闲','N'),(19,19,NULL,1,'汽摩及配件','N'),(20,20,NULL,1,'通讯产品','N'),(21,21,NULL,1,'家用电器','N'),(22,22,NULL,1,'库存积压','N'),(23,23,NULL,1,'能源','N'),(24,24,NULL,1,'安全、防护','N'),(25,25,NULL,1,'环保','N'),(26,26,NULL,1,'交通运输','N'),(27,27,NULL,1,'印刷、出版','N'),(28,28,NULL,1,'玩具','N'),(29,29,NULL,1,'政府机构','N'),(30,30,'',2,'电话联系','N'),(31,31,'',2,'促销活动','N'),(32,32,'',2,'代理渠道','N'),(33,33,'',2,'互联网','N'),(34,34,'',2,'户外广告','N'),(35,35,'',2,'朋友介绍','N'),(36,36,'',2,'直销业务','N'),(37,37,'',2,'报刊杂志','N'),(38,38,'',2,'展销会议','N'),(39,39,'',2,'招标投标','N'),(40,40,NULL,3,'重要客户','N'),(41,41,NULL,3,'签约客户','N'),(42,42,NULL,3,'成交客户','N'),(43,43,NULL,3,'潜在客户','N'),(44,44,NULL,3,'机会客户','N'),(45,45,NULL,3,'放弃客户','N'),(46,46,'',4,'客户','N'),(47,47,'',4,'供应商','N'),(48,48,'',4,'代理商','N'),(49,49,'',4,'合作伙伴','N'),(50,50,'',4,'竞争对手','N'),(51,51,'',4,'上级主管单位','N'),(52,52,'',4,'下属子公司','N'),(53,53,NULL,5,'华中','N'),(54,54,NULL,5,'华北','N'),(55,55,NULL,5,'华南','N'),(56,56,NULL,5,'华东','N'),(57,57,'',5,'东北','N'),(58,58,'',6,'国有企业','N'),(59,59,'',6,'民营企业','N'),(60,60,'',6,'外资企业','N'),(61,61,'',6,'合资企业','N'),(62,62,'',20,'电话传真','N'),(63,63,'',20,'短信留言','N'),(64,64,'',20,'邮寄包裹信笺','N'),(65,65,'',20,'网络聊天（QQ/MSN）','N'),(66,66,'',20,'登门拜访','N'),(67,67,'',20,'通过代理商联系','N'),(68,68,'',20,'他人转达','N'),(69,69,'',20,'少于50人','N'),(70,70,'',20,'50至100人','N'),(71,71,'',20,'100至300人','N'),(72,72,'',20,'300人以上','N'),(73,73,'',21,'节日问候','N'),(74,74,'',21,'客户回访','N'),(75,75,'',21,'售后服务','N'),(76,76,'',21,'洽谈签约','N'),(77,77,'',21,'合同确认','N'),(78,78,'',21,'对方回馈信息','N'),(79,79,'',21,'二次跟进','N'),(80,80,'',21,'初次接触','N'),(81,81,'',21,'计算机硬件','N'),(82,82,'',21,'计算机软件','N'),(83,83,'',21,'电子/电器/半导体/仪器仪表','N'),(84,84,'',21,'证券/金融/投资','N'),(85,85,NULL,30,'机密文件','N'),(86,86,'',30,'投诉选项4','N'),(87,87,NULL,30,'普通文件','N'),(88,88,NULL,31,'书面文档','N'),(89,89,NULL,31,'电子文档','N'),(90,90,'',7,'少于50人','N'),(91,91,'',7,'50至100人','N'),(92,92,'',7,'100至300人','N'),(93,93,'',7,'300人以上','N');

/*Table structure for table `sys_dictionary_type` */

DROP TABLE IF EXISTS `sys_dictionary_type`;

CREATE TABLE `sys_dictionary_type` (
  `id` int(11) NOT NULL auto_increment,
  `remark` text,
  `code` varchar(100) default NULL,
  `name` varchar(100) default NULL,
  `chineseTableName` varchar(100) default NULL,
  `englishTableName` varchar(100) default NULL,
  `available` char(10) default NULL,
  PRIMARY KEY  (`id`)
) ENGINE=InnoDB AUTO_INCREMENT=32 DEFAULT CHARSET=gb2312;

/*Data for the table `sys_dictionary_type` */

insert  into `sys_dictionary_type`(`id`,`remark`,`code`,`name`,`chineseTableName`,`englishTableName`,`available`) values (1,'隶属于客户表','trade','所属行业','客户表','c_company','Y'),(2,'','source','客户来源','客户表','c_company','Y'),(3,'','grade','客户等级','客户表','c_company','Y'),(4,'','quality','客户性质','客户表','c_company','Y'),(5,'','regionName','区域名称','客户表','c_company','Y'),(6,'','kind','企业性质','客户表','c_company','Y'),(7,'','scale','公司规模','客户表','c_company','Y'),(8,'','dealin','经营范围','客户表','c_company','Y'),(20,'','link_fashion','联系方式','联系记录表','c_company_touch','Y'),(21,'','link_type','联系类别','联系记录表','c_company_touch','Y'),(30,'','file_grade','文件等级','文件表','b_module_file','Y'),(31,'','file_type','文件类型','文件表','b_module_file','Y');

/*Table structure for table `sys_menu` */

DROP TABLE IF EXISTS `sys_menu`;

CREATE TABLE `sys_menu` (
  `menuModule` varchar(30) NOT NULL default '',
  `menuPrivilege` varchar(30) NOT NULL default '',
  `sort` int(11) default NULL,
  `menuName` varchar(200) default NULL,
  `title` varchar(200) default NULL,
  `url` varchar(200) default NULL,
  `target` varchar(20) default NULL,
  `icon` varchar(20) default NULL,
  `remark` text,
  PRIMARY KEY  (`menuModule`,`menuPrivilege`)
) ENGINE=InnoDB DEFAULT CHARSET=gb2312;

/*Data for the table `sys_menu` */

insert  into `sys_menu`(`menuModule`,`menuPrivilege`,`sort`,`menuName`,`title`,`url`,`target`,`icon`,`remark`) values ('company','base',101,'客户拜访','客户拜访','/crm/companyAction_listLink.do','rightFrame','/menu/khbf.png','客户拜访是客户管理的子菜单'),('company','company',100,'客户管理','客户管理','','rightFrame','/menu/khgl.png','客户管理是主菜单'),('company','linkMan',102,'联系人列表','联系人列表','/crm/customer/linkman/view.jsp','rightFrame','/menu/lxrlb.png','联系人列表是客户管理的子菜单'),('company','linkTouch',103,'联系记录列表','联系记录列表','/crm/customer/linktouch/view.jsp','rightFrame','/menu/lxjllb.png','联系记录列表是客户管理的子菜单'),('company','rule',104,'客户查重设置 ','客户查重设置 ','/crm/customer/rule/rule.jsp','rightFrame','/menu/khccsz.png','客户查重设置是客户管理的子菜单'),('report','khflfx',301,'客户分类分析 ','客户分类分析 ','/report/khflfx.jsp','rightFrame','/menu/khflfx.png','客户分类分析是报表与分析子菜单'),('report','khfx',302,'客户分析 ','客户分析 ','','rightFrame','/menu/khgjfx.png','客户分析是报表与分析子菜单'),('report','report',300,'报表与分析','报表与分析','','rightFrame','/menu/bbyfx.png','报表与分析是主菜单'),('sys','city',205,'城市资料','城市资料','/sys/city/list.jsp','rightFrame','/menu/cszl.png','城市资料是系统设置子菜单'),('sys','code',206,'编码规则','编码规则','/sys/code/list.jsp','rightFrame','/menu/bmzj.png','编码规则是系统设置子菜单'),('sys','group',201,'部门设置','部门设置','/sys/sysUserGroupAction_list.do','rightFrame','/menu/bmsz.png','部门设置是系统设置子菜单'),('sys','province',204,'省份资料','省份资料','/sys/province/list.jsp','rightFrame','/menu/sfzl.png','省份资料是系统设置子菜单'),('sys','role',203,'操作权限组','操作权限组','/sys/sysRoleAction_listLink.do','rightFrame','/menu/czqxz.png','操作权限组是系统设置子菜单'),('sys','sys',200,'系统设置 ','系统设置 ','','rightFrame','/menu/xtsz.png','系统设置是主菜单'),('sys','user',202,'人事管理','人事管理','/sys/sysUserAction_listLink.do','rightFrame','/menu/rsgl.png','人事管理是系统设置子菜单');

/*Table structure for table `sys_menu_privilege` */

DROP TABLE IF EXISTS `sys_menu_privilege`;

CREATE TABLE `sys_menu_privilege` (
  `roleId` varchar(36) NOT NULL default '',
  `menuModule` varchar(30) NOT NULL default '',
  `menuPrivilege` varchar(30) NOT NULL default '',
  PRIMARY KEY  (`roleId`,`menuModule`,`menuPrivilege`)
) ENGINE=InnoDB DEFAULT CHARSET=gb2312;

/*Data for the table `sys_menu_privilege` */

insert  into `sys_menu_privilege`(`roleId`,`menuModule`,`menuPrivilege`) values ('402881e42e04aab4012e04ac1f350001','company','base'),('402881e42e04aab4012e04ac1f350001','company','company'),('402881e42e04aab4012e04ac1f350001','company','linkMan'),('402881e42e04aab4012e04ac1f350001','company','linkTouch'),('402881e42e04aab4012e04ac1f350001','company','rule'),('402881e42e04aab4012e04ac1f350001','report','khflfx'),('402881e42e04aab4012e04ac1f350001','report','khfx'),('402881e42e04aab4012e04ac1f350001','report','report'),('402881e42e04aab4012e04ac1f350001','sys','city'),('402881e42e04aab4012e04ac1f350001','sys','code'),('402881e42e04aab4012e04ac1f350001','sys','group'),('402881e42e04aab4012e04ac1f350001','sys','province'),('402881e42e04aab4012e04ac1f350001','sys','role'),('402881e42e04aab4012e04ac1f350001','sys','sys'),('402881e42e04aab4012e04ac1f350001','sys','user'),('402881e42e04aab4012e04ac9cc20002','report','khflfx'),('402881e42e04aab4012e04ac9cc20002','report','report'),('402881e42e04aab4012e04ac9cc20002','sys','group'),('402881e42e04aab4012e04ac9cc20002','sys','role'),('402881e42e04aab4012e04ac9cc20002','sys','sys'),('402881e42e04aab4012e04ac9cc20002','sys','user');

/*Table structure for table `sys_popedom` */

DROP TABLE IF EXISTS `sys_popedom`;

CREATE TABLE `sys_popedom` (
  `popedomModule` varchar(30) NOT NULL default '',
  `popedomPrivilege` varchar(30) NOT NULL default '',
  `sort` int(11) default NULL,
  `title` varchar(200) default NULL,
  `popedomName` varchar(200) default NULL,
  `remark` text,
  PRIMARY KEY  (`popedomModule`,`popedomPrivilege`)
) ENGINE=InnoDB DEFAULT CHARSET=gb2312;

/*Data for the table `sys_popedom` */

insert  into `sys_popedom`(`popedomModule`,`popedomPrivilege`,`sort`,`title`,`popedomName`,`remark`) values ('city','add',461,'城市添加','添加','城市资料模块'),('city','city',460,'城市资料','城市资料','城市资料模块'),('city','delete',462,'城市删除','删除','城市资料模块'),('city','list',463,'城市限查询','查询','城市资料模块'),('city','update',464,'城市修改','修改','城市资料模块'),('code','add',501,'编码规则添加','添加','编码规则模块'),('code','code',500,'编码规则','编码规则','编码规则模块'),('code','delete',502,'编码规则删除','删除','编码规则模块'),('code','list',503,'编码规则限查询','查询','编码规则模块'),('code','update',504,'编码规则修改','修改','编码规则模块'),('company','add',101,'客户添加','添加','客户拜访模块'),('company','company',100,'客户拜访','客户拜访','客户拜访模块'),('company','delete',103,'客户删除','删除','客户拜访模块'),('company','dispensePerson',105,'客户经手人变更','经手人变更','客户拜访模块'),('company','list',104,'客户查询','查询','客户拜访模块'),('company','nextTouchDate',106,'客户设置下次联系时间','设置下次联系时间','客户拜访模块'),('company','update',102,'客户修改','修改','客户拜访模块'),('group','add',301,'部门添加','添加','部门设置模块(显示部门添加的页面)'),('group','delete',302,'部门删除','删除','部门设置模块(删除)'),('group','edit',303,'部门编辑','编辑','部门管理模块(编辑)'),('group','group',300,'部门设置','部门设置','部门设置模块'),('group','list',304,'部门查询','查询','部门设置模块(查询)'),('group','save',305,'部门保存','保存','部门管理模块(保存)'),('group','showGroupList',307,'显示部门人员设置','显示部门人员设置','部门模块(显示部门人员设置)'),('group','update',306,'部门修改','修改','部门设置模块(修改)'),('group','userChange',308,'设置部门人员','设置部门人员','部门模块(设置部门人员)'),('linkman','add',181,'联系人添加','添加','联系人管理模块'),('linkman','delete',182,'联系人删除','删除','联系人管理模块'),('linkman','linkman',180,'联系人管理','联系人管理','联系人管理模块'),('linkman','list',183,'联系人查询','查询','联系人管理模块'),('linkman','update',184,'联系人修改','修改','联系人管理模块'),('linkman','view',185,'联系人查看列表','查看列表','联系人管理模块'),('linktouch','add',221,'联系记录添加','添加','联系记录管理模块模块'),('linktouch','delete',222,'联系记录删除','删除','联系记录管理模块模块'),('linktouch','linktouch',220,'联系记录管理','联系记录管理','联系记录管理模块模块'),('linktouch','list',223,'联系记录查询','查询','联系记录管理模块模块'),('linktouch','update',224,'联系记录修改','修改','联系记录管理模块模块'),('linktouch','view',225,'联系记录查看列表','查看列表','联系记录管理模块模块'),('province','add',421,'省份添加','添加','省份资料模块'),('province','delete',422,'省份删除','删除','省份资料模块'),('province','list',423,'省份限查询','查询','省份资料模块'),('province','province',420,'省份资料','省份资料','省份资料模块'),('province','update',424,'省份修改','修改','省份资料模块'),('report','khflfx',600,'客户分类分析','客户分类分析','报表与分析模块'),('report','report',601,'报表与分析','报表与分析','报表与分析模块'),('role','add',381,'操作权限添加','添加','操作权限组模块(显示添加的页面)'),('role','delete',382,'操作权限删除','删除','操作权限组模块'),('role','edit',383,'权限组信息编辑','编辑','权限模块(权限组信息编辑)'),('role','list',384,'操作权限查询','查询','操作权限组模块'),('role','listMenu',389,'选择菜单权限','选择菜单权限','权限组菜单模块(选择菜单权限)'),('role','listPopedom',385,'选择操作权限','选择操作权限','选择操作权限'),('role','role',380,'操作权限组','操作权限组','操作权限组模块'),('role','save',386,'操作权限保存','保存','操作权限组模块(保存权限组信息到数据库中)'),('role','update',387,'操作权限修改','修改','操作权限组模块'),('role','updateMenu',390,'设置菜单权限','设置菜单权限','权限组菜单模块(设置菜单权限)'),('role','updatePopedom',388,'设置操作权限','设置操作权限','设置操作权限'),('rule','rule',260,'客户策略管理','客户策略管理','客户策略管理模块'),('rule','update',261,'客户策略修改','修改','客户策略管理模块'),('user','add',341,'人事管理添加','添加','人事管理模块(显示用于管理添加页面)'),('user','delete',342,'人事管理删除','删除','人事管理模块(用户删除)'),('user','disable',343,'人事管理停用','停用','人事管理模块(停用)'),('user','edit',344,'(用户编辑','编辑','人事管理模块(编辑)'),('user','enable',345,'人事管理启用','启用','人事管理模块(启用)'),('user','list',346,'人事管理查询','查询','人事管理模块(用户查询)'),('user','save',347,'用户信息保存','保存','人事管理模块(保存)'),('user','update',348,'人事管理修改','修改','人事管理模块(用户修改)'),('user','updatePassword',349,'用户密码修改','修改密码','人事管理模块(修改密码)'),('user','user',340,'人事管理','人事管理','人事管理模块');

/*Table structure for table `sys_popedom_privilege` */

DROP TABLE IF EXISTS `sys_popedom_privilege`;

CREATE TABLE `sys_popedom_privilege` (
  `roleId` varchar(36) NOT NULL default '',
  `popedomModule` varchar(30) NOT NULL default '',
  `popedomPrivilege` varchar(30) NOT NULL default '',
  PRIMARY KEY  (`roleId`,`popedomModule`,`popedomPrivilege`)
) ENGINE=InnoDB DEFAULT CHARSET=gb2312;

/*Data for the table `sys_popedom_privilege` */

insert  into `sys_popedom_privilege`(`roleId`,`popedomModule`,`popedomPrivilege`) values ('402881e42e04aab4012e04ac1f350001','city','add'),('402881e42e04aab4012e04ac1f350001','city','city'),('402881e42e04aab4012e04ac1f350001','city','delete'),('402881e42e04aab4012e04ac1f350001','city','list'),('402881e42e04aab4012e04ac1f350001','city','update'),('402881e42e04aab4012e04ac1f350001','code','add'),('402881e42e04aab4012e04ac1f350001','code','code'),('402881e42e04aab4012e04ac1f350001','code','delete'),('402881e42e04aab4012e04ac1f350001','code','list'),('402881e42e04aab4012e04ac1f350001','code','update'),('402881e42e04aab4012e04ac1f350001','company','add'),('402881e42e04aab4012e04ac1f350001','company','company'),('402881e42e04aab4012e04ac1f350001','company','delete'),('402881e42e04aab4012e04ac1f350001','company','dispensePerson'),('402881e42e04aab4012e04ac1f350001','company','list'),('402881e42e04aab4012e04ac1f350001','company','nextTouchDate'),('402881e42e04aab4012e04ac1f350001','company','update'),('402881e42e04aab4012e04ac1f350001','group','add'),('402881e42e04aab4012e04ac1f350001','group','delete'),('402881e42e04aab4012e04ac1f350001','group','edit'),('402881e42e04aab4012e04ac1f350001','group','group'),('402881e42e04aab4012e04ac1f350001','group','list'),('402881e42e04aab4012e04ac1f350001','group','save'),('402881e42e04aab4012e04ac1f350001','group','showGroupList'),('402881e42e04aab4012e04ac1f350001','group','update'),('402881e42e04aab4012e04ac1f350001','group','userChange'),('402881e42e04aab4012e04ac1f350001','linkman','add'),('402881e42e04aab4012e04ac1f350001','linkman','delete'),('402881e42e04aab4012e04ac1f350001','linkman','linkman'),('402881e42e04aab4012e04ac1f350001','linkman','list'),('402881e42e04aab4012e04ac1f350001','linkman','update'),('402881e42e04aab4012e04ac1f350001','linkman','view'),('402881e42e04aab4012e04ac1f350001','linktouch','add'),('402881e42e04aab4012e04ac1f350001','linktouch','delete'),('402881e42e04aab4012e04ac1f350001','linktouch','linktouch'),('402881e42e04aab4012e04ac1f350001','linktouch','list'),('402881e42e04aab4012e04ac1f350001','linktouch','update'),('402881e42e04aab4012e04ac1f350001','linktouch','view'),('402881e42e04aab4012e04ac1f350001','province','add'),('402881e42e04aab4012e04ac1f350001','province','delete'),('402881e42e04aab4012e04ac1f350001','province','list'),('402881e42e04aab4012e04ac1f350001','province','province'),('402881e42e04aab4012e04ac1f350001','province','update'),('402881e42e04aab4012e04ac1f350001','report','khflfx'),('402881e42e04aab4012e04ac1f350001','report','report'),('402881e42e04aab4012e04ac1f350001','role','add'),('402881e42e04aab4012e04ac1f350001','role','delete'),('402881e42e04aab4012e04ac1f350001','role','edit'),('402881e42e04aab4012e04ac1f350001','role','list'),('402881e42e04aab4012e04ac1f350001','role','listMenu'),('402881e42e04aab4012e04ac1f350001','role','listPopedom'),('402881e42e04aab4012e04ac1f350001','role','role'),('402881e42e04aab4012e04ac1f350001','role','save'),('402881e42e04aab4012e04ac1f350001','role','update'),('402881e42e04aab4012e04ac1f350001','role','updateMenu'),('402881e42e04aab4012e04ac1f350001','role','updatePopedom'),('402881e42e04aab4012e04ac1f350001','rule','rule'),('402881e42e04aab4012e04ac1f350001','rule','update'),('402881e42e04aab4012e04ac1f350001','user','add'),('402881e42e04aab4012e04ac1f350001','user','delete'),('402881e42e04aab4012e04ac1f350001','user','disable'),('402881e42e04aab4012e04ac1f350001','user','edit'),('402881e42e04aab4012e04ac1f350001','user','enable'),('402881e42e04aab4012e04ac1f350001','user','list'),('402881e42e04aab4012e04ac1f350001','user','save'),('402881e42e04aab4012e04ac1f350001','user','update'),('402881e42e04aab4012e04ac1f350001','user','updatePassword'),('402881e42e04aab4012e04ac1f350001','user','user'),('402881e42e04aab4012e04ac9cc20002','group','add'),('402881e42e04aab4012e04ac9cc20002','group','delete'),('402881e42e04aab4012e04ac9cc20002','group','edit'),('402881e42e04aab4012e04ac9cc20002','group','group'),('402881e42e04aab4012e04ac9cc20002','group','list'),('402881e42e04aab4012e04ac9cc20002','group','save'),('402881e42e04aab4012e04ac9cc20002','group','showGroupList'),('402881e42e04aab4012e04ac9cc20002','group','update'),('402881e42e04aab4012e04ac9cc20002','group','userChange'),('402881e42e04aab4012e04ac9cc20002','role','add'),('402881e42e04aab4012e04ac9cc20002','role','delete'),('402881e42e04aab4012e04ac9cc20002','role','edit'),('402881e42e04aab4012e04ac9cc20002','role','list'),('402881e42e04aab4012e04ac9cc20002','role','listMenu'),('402881e42e04aab4012e04ac9cc20002','role','listPopedom'),('402881e42e04aab4012e04ac9cc20002','role','role'),('402881e42e04aab4012e04ac9cc20002','role','save'),('402881e42e04aab4012e04ac9cc20002','role','update'),('402881e42e04aab4012e04ac9cc20002','role','updateMenu'),('402881e42e04aab4012e04ac9cc20002','role','updatePopedom'),('402881e42e04aab4012e04ac9cc20002','user','add'),('402881e42e04aab4012e04ac9cc20002','user','delete'),('402881e42e04aab4012e04ac9cc20002','user','disable'),('402881e42e04aab4012e04ac9cc20002','user','edit'),('402881e42e04aab4012e04ac9cc20002','user','enable'),('402881e42e04aab4012e04ac9cc20002','user','list'),('402881e42e04aab4012e04ac9cc20002','user','save'),('402881e42e04aab4012e04ac9cc20002','user','update'),('402881e42e04aab4012e04ac9cc20002','user','updatePassword'),('402881e42e04aab4012e04ac9cc20002','user','user');

/*Table structure for table `sys_role` */

DROP TABLE IF EXISTS `sys_role`;

CREATE TABLE `sys_role` (
  `id` varchar(255) NOT NULL,
  `name` varchar(100) default NULL,
  `remark` longtext,
  PRIMARY KEY  (`id`)
) ENGINE=InnoDB DEFAULT CHARSET=gb2312;

/*Data for the table `sys_role` */

insert  into `sys_role`(`id`,`name`,`remark`) values ('402881e42e04aab4012e04ac1f350001','系统管理员权限组','系统管理员权限组'),('402881e42e04aab4012e04ac9cc20002','销售部权限组','销售部权限组'),('402881e42e04aab4012e04acda480003','市场部权限组','市场部权限组');

/*Table structure for table `sys_user` */

DROP TABLE IF EXISTS `sys_user`;

CREATE TABLE `sys_user` (
  `id` int(11) NOT NULL auto_increment,
  `creator` varchar(100) default NULL,
  `createTime` varchar(19) default NULL,
  `updater` varchar(100) default NULL,
  `updateTime` varchar(19) default NULL,
  `remark` text,
  `name` varchar(100) default NULL,
  `cnname` varchar(100) default NULL,
  `password` varchar(100) default NULL,
  `address` varchar(200) default NULL,
  `telephone` varchar(100) default NULL,
  `email` varchar(100) default NULL,
  `beginDate` date default NULL,
  `endDate` date default NULL,
  `roleId` varchar(36) NOT NULL,
  `groupId` int(11) NOT NULL default '0',
  `accessFileLevel` varchar(50) default NULL,
  `status` varchar(10) default NULL,
  `commendMan` varchar(50) default NULL,
  `movetelePhone` varchar(20) default NULL,
  `nowAddress` varchar(200) default NULL,
  `nowtelePhone` varchar(20) default NULL,
  `identityCode` varchar(20) default NULL,
  `insuranceCode` varchar(20) default NULL,
  `instancyLinkman` varchar(50) default NULL,
  `instancytelePhone` varchar(50) default NULL,
  `sex` varchar(10) default NULL,
  `birthday` date default NULL,
  `personnelType` varchar(50) default NULL,
  `duty` varchar(50) default NULL,
  `workDate` date default NULL,
  `highSchool` varchar(100) default NULL,
  `finishSchool` varchar(100) default NULL,
  `finishSchoolDate` date default NULL,
  `consortName` varchar(100) default NULL,
  `youngoneName` varchar(100) default NULL,
  `officetelePhone` varchar(20) default NULL,
  `consorttelePhone` varchar(20) default NULL,
  `avocation` text,
  `consortCompany` varchar(200) default NULL,
  `strongSuit` text,
  `commUniCate` text,
  `bringup` text,
  `organise` text,
  `analyse` text,
  `planing` text,
  `empolder` text,
  `relation` text,
  PRIMARY KEY  (`id`),
  KEY `FK74A81DFD8984697B` (`roleId`),
  KEY `FK74A81DFDBE11F8DA` (`groupId`),
  CONSTRAINT `FK74A81DFD8984697B` FOREIGN KEY (`roleId`) REFERENCES `sys_role` (`id`),
  CONSTRAINT `FK74A81DFDBE11F8DA` FOREIGN KEY (`groupId`) REFERENCES `sys_user_group` (`id`)
) ENGINE=InnoDB AUTO_INCREMENT=11 DEFAULT CHARSET=gb2312;

/*Data for the table `sys_user` */

insert  into `sys_user`(`id`,`creator`,`createTime`,`updater`,`updateTime`,`remark`,`name`,`cnname`,`password`,`address`,`telephone`,`email`,`beginDate`,`endDate`,`roleId`,`groupId`,`accessFileLevel`,`status`,`commendMan`,`movetelePhone`,`nowAddress`,`nowtelePhone`,`identityCode`,`insuranceCode`,`instancyLinkman`,`instancytelePhone`,`sex`,`birthday`,`personnelType`,`duty`,`workDate`,`highSchool`,`finishSchool`,`finishSchoolDate`,`consortName`,`youngoneName`,`officetelePhone`,`consorttelePhone`,`avocation`,`consortCompany`,`strongSuit`,`commUniCate`,`bringup`,`organise`,`analyse`,`planing`,`empolder`,`relation`) values (8,'系统管理员','2011-02-09 22:50:02','系统管理员','2011-02-09 22:50:02','','admin','系统管理员','E10ADC3949BA59ABBE56E057F20F883E','','','',NULL,NULL,'402881e42e04aab4012e04ac1f350001',1,NULL,'N',NULL,'','','','','','','','男',NULL,'全职','',NULL,'','',NULL,'','','','','','','','','','','','','',''),(9,'系统管理员','2011-02-10 11:40:40','王东','2011-02-18 21:22:59','','wangdong','王东','E10ADC3949BA59ABBE56E057F20F883E','','','',NULL,NULL,'402881e42e04aab4012e04ac9cc20002',2,NULL,'Y',NULL,'','','','','','','','男',NULL,'全职','',NULL,'','',NULL,'','','','','','','','','','','','','',''),(10,'系统管理员','2011-02-24 22:31:05','系统管理员','2011-02-24 22:31:05','','linghuchong','令狐冲','E10ADC3949BA59ABBE56E057F20F883E','','','',NULL,NULL,'402881e42e04aab4012e04ac1f350001',1,NULL,'Y',NULL,'','','','','','','','男',NULL,'全职','',NULL,'','',NULL,'','','','','','','','','','','','','','');

/*Table structure for table `sys_user_group` */

DROP TABLE IF EXISTS `sys_user_group`;

CREATE TABLE `sys_user_group` (
  `id` int(11) NOT NULL auto_increment,
  `name` varchar(100) default NULL,
  `principal` varchar(50) default NULL,
  `incumbent` varchar(200) default NULL,
  `remark` longtext,
  PRIMARY KEY  (`id`)
) ENGINE=InnoDB AUTO_INCREMENT=3 DEFAULT CHARSET=gb2312;

/*Data for the table `sys_user_group` */

insert  into `sys_user_group`(`id`,`name`,`principal`,`incumbent`,`remark`) values (1,'人力资源部','朱丹','管理人的','xxxx'),(2,'销售部','王刚','销售商品','xxxxxxxxxxxxx');

/*!40101 SET SQL_MODE=@OLD_SQL_MODE */;
/*!40014 SET FOREIGN_KEY_CHECKS=@OLD_FOREIGN_KEY_CHECKS */;
/*!40014 SET UNIQUE_CHECKS=@OLD_UNIQUE_CHECKS */;
/*!40111 SET SQL_NOTES=@OLD_SQL_NOTES */;
